Farm_ID,Crop_Type,Location,Season,Land_Area_Acres,Soil_Type,Irrigation_Type,Expected_Yield_per_Acre,Total_Expected_Yield,Yield_Unit,Seed_Cost,Fertilizer_Cost,Labor_Cost,Transportation_Cost,Other_Expenses,Market_Price,Price_Unit,Total_Cost,Revenue,Profit,Profit_Margin,ROI,Break_Even_Price,Break_Even_Yield,Risk_Level,Profit_Status
FARM1001,Rice,Madhya Pradesh,Zaid,5.83,Black Soil,Drip,29.92,174.43,Quintal,11433.44,47481.02,46038.32,16270.65,15393.79,2089.41,INR_per_Quintal,136617.22,364455.79,227838.57,62.51,166.77,783.22,65.39,Medium,High Profit
FARM1002,Sugarcane,Maharashtra,Kharif,3.5,Loamy,Canal,57.23,200.3,Quintal,18883.27,35150.08,58679.54,33129.62,19333.63,3742.26,INR_per_Quintal,165176.14,749574.68,584398.54,77.96,353.8,824.64,44.14,Medium,High Profit
FARM1003,Potato,Karnataka,Zaid,9.19,Red Soil,Rainfed,122.4,1124.86,Quintal,52914.97,61109.89,99303.83,30273.54,33162.09,1558.98,INR_per_Quintal,276764.32,1753634.24,1476869.92,84.22,533.62,246.04,177.53,Medium,High Profit
FARM1004,Onion,Maharashtra,Zaid,9.85,Black Soil,Sprinkler,76.92,757.66,Quintal,34692.56,88006.03,121340.25,48935.58,38493.49,1295.14,INR_per_Quintal,331467.91,981275.77,649807.86,66.22,196.04,437.49,255.93,Medium,High Profit
FARM1005,Rice,Andhra Pradesh,Kharif,2.26,Alluvial,Borewell,27.36,61.83,Quintal,4440.9,17143.54,24577.63,6848.38,5297.14,2210.96,INR_per_Quintal,58307.59,136703.66,78396.07,57.35,134.45,943.03,26.37,Medium,Moderate Profit
FARM1006,Onion,Uttar Pradesh,Zaid,3.57,Red Soil,Drip,73.22,261.4,Quintal,20890.55,29708.0,36596.41,19096.18,8292.94,2155.79,INR_per_Quintal,114584.08,563523.51,448939.43,79.67,391.8,438.35,53.15,Medium,High Profit
FARM1007,Tomato,Andhra Pradesh,Rabi,2.77,Sandy,Sprinkler,116.93,323.9,Quintal,9563.57,21631.13,48650.59,12318.88,7774.77,1506.96,INR_per_Quintal,99938.94,488104.34,388165.4,79.53,388.4,308.55,66.32,Medium,High Profit
FARM1008,Chilli,Uttar Pradesh,Rabi,8.7,Black Soil,Sprinkler,18.22,158.51,Quintal,27671.25,56393.01,148973.77,26366.19,20413.52,10455.82,INR_per_Quintal,279817.74,1657352.03,1377534.29,83.12,492.3,1765.3,26.76,High,High Profit
FARM1009,Groundnut,Andhra Pradesh,Kharif,10.42,Red Soil,Borewell,17.59,183.29,Quintal,29868.15,63589.17,103148.41,17389.82,21244.71,6196.0,INR_per_Quintal,235240.26,1135664.84,900424.58,79.29,382.77,1283.43,37.97,Medium,High Profit
FARM1010,Wheat,Karnataka,Zaid,7.46,Alluvial,Drip,26.67,198.96,Quintal,7596.09,58597.98,55289.92,22868.41,11871.67,2225.01,INR_per_Quintal,156224.07,442687.99,286463.92,64.71,183.37,785.2,70.21,High,High Profit
FARM1011,Wheat,Andhra Pradesh,Rabi,6.21,Loamy,Sprinkler,19.01,118.05,Quintal,6317.37,45904.45,58875.79,11056.89,15642.24,2282.57,INR_per_Quintal,137796.74,269457.39,131660.65,48.86,95.55,1167.27,60.37,Medium,Moderate Profit
FARM1012,Maize,Maharashtra,Zaid,8.25,Black Soil,Borewell,31.53,260.12,Quintal,8558.65,61788.8,59610.65,28260.68,27838.55,2181.76,INR_per_Quintal,186057.33,567519.41,381462.08,67.22,205.02,715.27,85.28,Medium,High Profit
FARM1013,Chilli,Maharashtra,Kharif,11.3,Sandy,Drip,9.65,109.05,Quintal,56284.61,118179.77,177833.44,47518.08,50380.44,7112.02,INR_per_Quintal,450196.34,775565.78,325369.44,41.95,72.27,4128.35,63.3,High,High Profit
FARM1014,Tomato,Tamil Nadu,Zaid,5.11,Clay,Drip,132.6,677.59,Quintal,14343.23,56141.91,60499.39,18994.24,26049.11,1634.77,INR_per_Quintal,176027.88,1107703.8,931675.92,84.11,529.28,259.79,107.68,High,High Profit
FARM1015,Chilli,Maharashtra,Zaid,11.69,Loamy,Borewell,12.17,142.27,Quintal,33077.5,108869.68,118028.0,37023.29,46577.4,6610.98,INR_per_Quintal,343575.87,940544.12,596968.25,63.47,173.75,2414.96,51.97,High,High Profit
FARM1016,Potato,Uttar Pradesh,Rabi,2.44,Loamy,Drip,125.12,305.29,Quintal,18669.55,26298.6,22671.43,13997.86,4920.09,1496.84,INR_per_Quintal,86557.53,456970.28,370412.75,81.06,427.94,283.53,57.83,Medium,High Profit
FARM1017,Potato,Uttar Pradesh,Kharif,5.61,Sandy,Sprinkler,127.97,717.91,Quintal,46099.86,46770.05,74490.18,14375.23,11751.2,1982.7,INR_per_Quintal,193486.52,1423400.16,1229913.64,86.41,635.66,269.51,97.59,Medium,High Profit
FARM1018,Maize,Madhya Pradesh,Zaid,6.84,Loamy,Borewell,35.13,240.29,Quintal,9753.03,53951.68,69801.82,17774.24,13627.18,1871.78,INR_per_Quintal,164907.95,449770.02,284862.07,63.34,172.74,686.29,88.1,Medium,High Profit
FARM1019,Onion,Andhra Pradesh,Kharif,7.54,Red Soil,Canal,68.77,518.53,Quintal,29644.38,71064.07,62764.87,26363.76,17107.25,2247.35,INR_per_Quintal,206944.33,1165318.4,958374.07,82.24,463.11,399.1,92.08,High,High Profit
FARM1020,Rice,Andhra Pradesh,Rabi,7.5,Sandy,Borewell,23.24,174.3,Quintal,15383.49,39358.14,62028.67,17406.29,16774.89,2401.95,INR_per_Quintal,150951.48,418659.89,267708.41,63.94,177.35,866.04,62.85,Medium,High Profit
FARM1021,Chilli,Punjab,Rabi,2.12,Clay,Borewell,15.76,33.41,Quintal,9770.95,22884.1,37770.21,8406.8,8532.39,10505.81,INR_per_Quintal,87364.45,350999.11,263634.66,75.11,301.76,2614.92,8.32,Medium,High Profit
FARM1022,Groundnut,Telangana,Zaid,10.43,Clay,Canal,13.72,143.1,Quintal,27247.24,56918.6,77134.23,23311.3,20371.31,4719.52,INR_per_Quintal,204982.68,675363.31,470380.63,69.65,229.47,1432.44,43.43,Medium,High Profit
FARM1023,Potato,Punjab,Zaid,11.08,Black Soil,Drip,94.52,1047.28,Quintal,84322.67,111043.31,124780.5,52244.55,29941.74,1880.61,INR_per_Quintal,402332.77,1969525.24,1567192.47,79.57,389.53,384.17,213.94,Medium,High Profit
FARM1024,Onion,Punjab,Zaid,2.45,Black Soil,Borewell,65.69,160.94,Quintal,9584.95,24661.15,32847.33,11215.82,10504.37,1456.22,INR_per_Quintal,88813.62,234364.05,145550.43,62.1,163.88,551.84,60.99,High,Moderate Profit
FARM1025,Rice,Maharashtra,Kharif,7.78,Alluvial,Sprinkler,20.4,158.71,Quintal,12961.36,55164.3,96063.27,27683.87,21242.38,2291.11,INR_per_Quintal,213115.18,363622.07,150506.89,41.39,70.62,1342.8,93.02,Medium,High Profit
FARM1026,Wheat,Madhya Pradesh,Zaid,2.29,Loamy,Drip,23.08,52.85,Quintal,2901.22,17505.41,20180.99,4674.05,5092.33,2623.0,INR_per_Quintal,50354.0,138625.55,88271.55,63.68,175.3,952.77,19.2,Medium,Moderate Profit
FARM1027,Rice,Madhya Pradesh,Zaid,5.82,Clay,Rainfed,23.37,136.01,Quintal,11525.35,40259.72,56072.88,23108.83,19173.41,2477.11,INR_per_Quintal,150140.19,336911.73,186771.54,55.44,124.4,1103.89,60.61,Medium,High Profit
FARM1028,Onion,Punjab,Kharif,8.01,Red Soil,Drip,95.3,763.35,Quintal,38952.26,73107.25,74996.61,32880.4,25355.17,1907.65,INR_per_Quintal,245291.69,1456204.63,1210912.94,83.16,493.66,321.34,128.58,High,High Profit
FARM1029,Groundnut,Madhya Pradesh,Kharif,11.97,Alluvial,Borewell,18.79,224.92,Quintal,23711.53,88098.88,119629.48,33518.99,16953.17,5631.01,INR_per_Quintal,281912.05,1266526.77,984614.72,77.74,349.26,1253.39,50.06,Medium,High Profit
FARM1030,Potato,Punjab,Kharif,3.18,Red Soil,Rainfed,109.38,347.83,Quintal,16557.09,28714.21,42649.7,10605.09,13017.02,1089.43,INR_per_Quintal,111543.11,378936.44,267393.33,70.56,239.72,320.68,102.39,Medium,High Profit
FARM1031,Chilli,Telangana,Zaid,9.49,Loamy,Canal,15.16,143.87,Quintal,26688.81,82827.36,149056.52,33224.79,40268.94,6685.38,INR_per_Quintal,332066.42,961825.62,629759.2,65.48,189.65,2308.1,49.67,Medium,High Profit
FARM1032,Potato,Uttar Pradesh,Zaid,11.78,Black Soil,Borewell,72.38,852.64,Quintal,92335.33,81484.91,91103.79,37017.08,56707.52,1356.89,INR_per_Quintal,358648.63,1156938.69,798290.06,69.0,222.58,420.63,264.32,Medium,High Profit
FARM1033,Sugarcane,Karnataka,Kharif,11.41,Alluvial,Rainfed,65.55,747.93,Quintal,58454.38,155673.09,116239.51,86051.52,44660.11,3539.98,INR_per_Quintal,461078.61,2647657.24,2186578.63,82.59,474.23,616.47,130.25,High,High Profit
FARM1034,Wheat,Tamil Nadu,Kharif,4.06,Sandy,Sprinkler,21.13,85.79,Quintal,5397.56,24078.81,24717.86,10867.05,8109.81,2465.97,INR_per_Quintal,73171.09,211555.57,138384.48,65.41,189.12,852.91,29.67,Medium,Moderate Profit
FARM1035,Sugarcane,Punjab,Rabi,3.48,Black Soil,Canal,75.86,263.99,Quintal,17856.17,34499.02,53242.11,26955.11,14806.18,3626.35,INR_per_Quintal,147358.59,957320.14,809961.55,84.61,549.65,558.2,40.64,High,High Profit
FARM1036,Onion,Punjab,Zaid,11.13,Clay,Canal,91.94,1023.29,Quintal,55454.39,61900.99,84326.15,60624.85,22718.1,1773.04,INR_per_Quintal,285024.48,1814334.1,1529309.62,84.29,536.55,278.54,160.75,Medium,High Profit
FARM1037,Rice,Uttar Pradesh,Zaid,1.16,Red Soil,Canal,30.0,34.8,Quintal,2088.97,6346.75,11083.15,4533.91,4973.92,1923.41,INR_per_Quintal,29026.7,66934.67,37907.97,56.63,130.6,834.1,15.09,Low,Low Profit
FARM1038,Cotton,Uttar Pradesh,Rabi,8.05,Sandy,Drip,10.16,81.79,Quintal,25934.82,88112.6,100204.43,32727.18,37554.04,5435.55,INR_per_Quintal,284533.07,444573.63,160040.56,36.0,56.25,3478.82,52.35,Medium,High Profit
FARM1039,Cotton,Karnataka,Kharif,9.31,Loamy,Drip,12.34,114.89,Quintal,19621.53,98085.67,77805.46,22611.21,26094.45,6113.84,INR_per_Quintal,244218.32,702419.08,458200.76,65.23,187.62,2125.67,39.95,Low,High Profit
FARM1040,Rice,Maharashtra,Zaid,3.68,Red Soil,Rainfed,26.69,98.22,Quintal,4629.84,23796.48,39658.23,9364.14,13289.21,2483.57,INR_per_Quintal,90737.9,243936.25,153198.35,62.8,168.84,923.82,36.54,Medium,High Profit
FARM1041,Tomato,Punjab,Zaid,6.55,Clay,Borewell,150.41,985.19,Quintal,24543.13,59621.75,73751.41,30092.08,39167.06,1601.54,INR_per_Quintal,227175.43,1577821.19,1350645.76,85.6,594.54,230.59,141.85,High,High Profit
FARM1042,Rice,Tamil Nadu,Zaid,11.2,Alluvial,Canal,21.99,246.29,Quintal,21313.97,86560.6,155373.59,35445.61,32953.85,1709.65,INR_per_Quintal,331647.62,421069.7,89422.08,21.24,26.96,1346.57,193.99,Low,Moderate Profit
FARM1043,Tomato,Punjab,Zaid,10.53,Loamy,Rainfed,89.18,939.07,Quintal,43544.25,124452.92,229711.29,43730.17,53367.49,1312.6,INR_per_Quintal,494806.12,1232623.28,737817.16,59.86,149.11,526.91,376.97,Medium,High Profit
FARM1044,Wheat,Andhra Pradesh,Rabi,1.45,Sandy,Borewell,22.94,33.26,Quintal,1927.43,10927.38,7864.94,3785.84,4824.86,2532.57,INR_per_Quintal,29330.45,84233.28,54902.83,65.18,187.19,881.85,11.58,Medium,Moderate Profit
FARM1045,Chilli,Maharashtra,Kharif,2.2,Alluvial,Drip,14.75,32.45,Quintal,10260.01,21333.75,35657.26,4250.84,5927.16,11260.42,INR_per_Quintal,77429.02,365400.63,287971.61,78.81,371.92,2386.1,6.88,High,High Profit
FARM1046,Groundnut,Maharashtra,Rabi,8.45,Alluvial,Drip,14.58,123.2,Quintal,27460.2,44093.03,93964.57,17727.15,20375.34,5789.99,INR_per_Quintal,203620.29,713326.77,509706.48,71.45,250.32,1652.76,35.17,Medium,High Profit
FARM1047,Onion,Madhya Pradesh,Kharif,1.93,Loamy,Drip,80.52,155.4,Quintal,12537.72,12509.89,19808.62,5749.23,7071.85,2367.37,INR_per_Quintal,57677.31,367889.3,310211.99,84.32,537.84,371.15,24.36,Medium,High Profit
FARM1048,Cotton,Maharashtra,Kharif,11.07,Black Soil,Canal,9.34,103.39,Quintal,23727.04,67749.98,128702.47,38891.77,33106.83,5747.22,INR_per_Quintal,292178.09,594205.08,302026.99,50.83,103.37,2825.98,50.84,Medium,High Profit
FARM1049,Chilli,Telangana,Kharif,10.87,Clay,Rainfed,10.35,112.5,Quintal,41565.31,105564.98,155622.56,38743.79,28352.6,9473.65,INR_per_Quintal,369849.24,1065785.62,695936.38,65.3,188.17,3287.55,39.04,High,High Profit
FARM1050,Wheat,Tamil Nadu,Kharif,10.62,Red Soil,Sprinkler,22.74,241.5,Quintal,14344.53,65492.48,105918.66,30258.45,32839.21,2706.16,INR_per_Quintal,248853.33,653537.64,404684.31,61.92,162.62,1030.45,91.96,Medium,High Profit
FARM1051,Sugarcane,Andhra Pradesh,Kharif,7.18,Black Soil,Sprinkler,58.57,420.53,Quintal,34333.54,76092.45,66678.81,70355.91,20538.46,3830.27,INR_per_Quintal,267999.17,1610743.44,1342744.27,83.36,501.03,637.29,69.97,Low,High Profit
FARM1052,Rice,Tamil Nadu,Kharif,6.01,Loamy,Canal,22.38,134.5,Quintal,9522.87,31620.02,71442.84,13555.23,14276.42,1669.18,INR_per_Quintal,140417.38,224504.71,84087.33,37.45,59.88,1044.0,84.12,Medium,Moderate Profit
FARM1053,Sugarcane,Karnataka,Zaid,1.01,Sandy,Rainfed,70.88,71.59,Quintal,5505.97,13177.69,11193.62,6678.58,3382.18,3081.46,INR_per_Quintal,39938.04,220601.72,180663.68,81.9,452.36,557.87,12.96,Medium,High Profit
FARM1054,Maize,Uttar Pradesh,Kharif,4.64,Loamy,Rainfed,20.87,96.84,Quintal,5338.11,24189.17,27047.64,16803.35,6126.52,2068.57,INR_per_Quintal,79504.79,200320.32,120815.53,60.31,151.96,820.99,38.43,Medium,Moderate Profit
FARM1055,Wheat,Uttar Pradesh,Kharif,7.82,Clay,Rainfed,18.9,147.8,Quintal,13134.07,35319.77,72466.75,21413.02,12965.84,2406.36,INR_per_Quintal,155299.45,355660.01,200360.56,56.33,129.02,1050.74,64.54,Medium,High Profit
FARM1056,Maize,Punjab,Rabi,11.11,Sandy,Canal,32.36,359.52,Quintal,14647.41,95416.73,95594.92,23064.17,25207.36,2031.22,INR_per_Quintal,253930.59,730264.21,476333.62,65.23,187.58,706.3,125.01,Medium,High Profit
FARM1057,Cotton,Punjab,Kharif,2.82,Clay,Borewell,15.25,43.0,Quintal,6596.43,29185.68,35956.82,6035.56,6544.09,7686.52,INR_per_Quintal,84318.58,330520.36,246201.78,74.49,291.99,1960.9,10.97,Low,High Profit
FARM1058,Rice,Tamil Nadu,Rabi,1.18,Black Soil,Rainfed,25.44,30.02,Quintal,2048.72,8834.86,10516.53,2255.15,3523.97,2747.7,INR_per_Quintal,27179.23,82485.95,55306.72,67.05,203.49,905.37,9.89,Medium,Moderate Profit
FARM1059,Chilli,Maharashtra,Zaid,1.2,Alluvial,Borewell,13.2,15.84,Quintal,4832.31,10789.59,15078.6,4355.49,4956.66,10697.28,INR_per_Quintal,40012.65,169444.92,129432.27,76.39,323.48,2526.05,3.74,Medium,Moderate Profit
FARM1060,Groundnut,Tamil Nadu,Kharif,1.14,Sandy,Borewell,15.2,17.33,Quintal,3776.15,6079.05,11508.86,2050.57,3461.26,4982.14,INR_per_Quintal,26875.89,86340.49,59464.6,68.87,221.26,1550.83,5.39,Medium,Moderate Profit
FARM1061,Onion,Uttar Pradesh,Zaid,10.66,Loamy,Rainfed,80.83,861.65,Quintal,62349.06,83677.47,83541.58,60377.24,44100.91,2362.57,INR_per_Quintal,334046.26,2035708.44,1701662.18,83.59,509.41,387.68,141.39,Medium,High Profit
FARM1062,Maize,Maharashtra,Rabi,9.18,Sandy,Drip,37.4,343.33,Quintal,12802.7,59083.36,79429.46,26421.66,21896.76,2377.8,INR_per_Quintal,199633.94,816370.07,616736.13,75.55,308.93,581.46,83.96,Medium,High Profit
FARM1063,Rice,Uttar Pradesh,Kharif,5.15,Alluvial,Canal,23.52,121.13,Quintal,9705.49,33819.26,70474.09,12029.95,9378.84,1750.76,INR_per_Quintal,135407.63,212069.56,76661.93,36.15,56.62,1117.87,77.34,Medium,Moderate Profit
FARM1064,Wheat,Uttar Pradesh,Kharif,6.74,Alluvial,Canal,19.11,128.8,Quintal,11912.72,45617.15,50398.57,11602.13,13520.34,1927.54,INR_per_Quintal,133050.91,248267.15,115216.24,46.41,86.6,1033.0,69.03,Medium,Moderate Profit
FARM1065,Wheat,Telangana,Zaid,11.81,Sandy,Canal,25.46,300.68,Quintal,17033.78,56878.98,108994.31,32282.78,30411.23,1915.9,INR_per_Quintal,245601.08,576072.81,330471.73,57.37,134.56,816.82,128.19,Medium,High Profit
FARM1066,Groundnut,Telangana,Zaid,9.09,Alluvial,Sprinkler,13.23,120.26,Quintal,19557.89,66315.06,61120.54,29926.5,12550.67,6818.37,INR_per_Quintal,189470.66,819977.18,630506.52,76.89,332.77,1575.51,27.79,Medium,High Profit
FARM1067,Tomato,Telangana,Kharif,5.55,Loamy,Sprinkler,115.99,643.74,Quintal,25687.27,62423.35,78098.85,28434.88,18700.29,1177.28,INR_per_Quintal,213344.64,757862.23,544517.59,71.85,255.23,331.41,181.22,Medium,High Profit
FARM1068,Chilli,Tamil Nadu,Kharif,10.77,Black Soil,Borewell,13.18,141.95,Quintal,41372.09,88806.53,109701.0,23040.18,51607.88,9520.52,INR_per_Quintal,314527.68,1351437.81,1036910.13,76.73,329.67,2215.76,33.04,High,High Profit
FARM1069,Chilli,Telangana,Kharif,3.79,Sandy,Borewell,8.3,31.46,Quintal,12521.53,35611.18,49971.63,10919.82,13313.0,8354.57,INR_per_Quintal,122337.16,262834.77,140497.61,53.45,114.84,3888.66,14.64,Low,Moderate Profit
FARM1070,Sugarcane,Tamil Nadu,Zaid,2.68,Black Soil,Rainfed,61.96,166.05,Quintal,13552.15,33513.48,41135.54,16240.19,15365.09,3364.48,INR_per_Quintal,119806.45,558671.9,438865.45,78.56,366.31,721.51,35.61,Medium,High Profit
FARM1071,Potato,Tamil Nadu,Kharif,11.93,Black Soil,Borewell,86.85,1036.12,Quintal,65807.31,82567.66,143855.07,46231.68,54078.62,1249.42,INR_per_Quintal,392540.34,1294549.05,902008.71,69.68,229.79,378.86,314.18,Medium,High Profit
FARM1072,Groundnut,Uttar Pradesh,Rabi,6.2,Black Soil,Rainfed,13.1,81.22,Quintal,11584.27,34557.03,70400.54,18595.27,18508.57,6709.7,INR_per_Quintal,153645.68,544961.83,391316.15,71.81,254.69,1891.72,22.9,Medium,High Profit
FARM1073,Wheat,Punjab,Kharif,11.42,Sandy,Drip,20.4,232.97,Quintal,16552.78,80159.71,86160.14,37847.85,26923.97,2432.91,INR_per_Quintal,247644.45,566795.04,319150.59,56.31,128.87,1062.99,101.79,Medium,High Profit
FARM1074,Sugarcane,Uttar Pradesh,Zaid,2.38,Clay,Drip,77.74,185.02,Quintal,10272.95,21864.72,36236.0,22141.5,8726.14,3063.79,INR_per_Quintal,99241.31,566862.43,467621.12,82.49,471.2,536.38,32.39,Medium,High Profit
FARM1075,Potato,Punjab,Kharif,4.12,Red Soil,Sprinkler,110.48,455.18,Quintal,29533.46,39168.66,60248.32,19097.07,10253.81,1959.66,INR_per_Quintal,158301.32,891998.04,733696.72,82.25,463.48,347.78,80.78,Medium,High Profit
FARM1076,Chilli,Uttar Pradesh,Rabi,5.4,Clay,Borewell,8.2,44.28,Quintal,19493.23,58211.81,90103.64,14417.9,18905.86,11676.47,INR_per_Quintal,201132.44,517034.09,315901.65,61.1,157.06,4542.29,17.23,Medium,High Profit
FARM1077,Sugarcane,Tamil Nadu,Zaid,11.16,Clay,Borewell,86.85,969.25,Quintal,60336.26,120911.08,141192.05,69204.63,56636.91,3770.17,INR_per_Quintal,448280.93,3654237.27,3205956.34,87.73,715.17,462.5,118.9,Medium,High Profit
FARM1078,Maize,Karnataka,Kharif,9.98,Alluvial,Rainfed,23.02,229.74,Quintal,17939.16,87587.3,58183.14,32969.32,15514.4,1542.84,INR_per_Quintal,212193.32,354452.06,142258.74,40.13,67.04,923.62,137.53,Medium,Moderate Profit
FARM1079,Maize,Madhya Pradesh,Kharif,2.69,Black Soil,Canal,27.61,74.27,Quintal,5328.41,14576.1,15677.28,8983.59,5246.19,2313.47,INR_per_Quintal,49811.57,171821.42,122009.85,71.01,244.94,670.68,21.53,Low,Moderate Profit
FARM1080,Wheat,Telangana,Rabi,5.66,Loamy,Canal,22.49,127.29,Quintal,10185.38,35668.91,30994.13,16729.19,20630.01,2708.18,INR_per_Quintal,114207.62,344724.23,230516.61,66.87,201.84,897.22,42.17,Medium,High Profit
FARM1081,Cotton,Telangana,Zaid,4.89,Alluvial,Sprinkler,16.06,78.53,Quintal,11475.01,47648.67,70470.35,15288.07,20592.69,7402.01,INR_per_Quintal,165474.79,581279.85,415805.06,71.53,251.28,2107.15,22.36,Medium,High Profit
FARM1082,Rice,Tamil Nadu,Kharif,2.69,Red Soil,Canal,18.95,50.98,Quintal,4401.69,21568.85,19486.01,8702.06,9874.39,1621.41,INR_per_Quintal,64033.0,82659.48,18626.48,22.53,29.09,1256.04,39.49,Low,Low Profit
FARM1083,Groundnut,Telangana,Rabi,10.01,Red Soil,Canal,10.88,108.91,Quintal,30820.38,57271.28,105120.98,24317.89,20134.4,5975.17,INR_per_Quintal,237664.93,650755.76,413090.83,63.48,173.81,2182.21,39.78,Medium,High Profit
FARM1084,Rice,Karnataka,Kharif,2.94,Clay,Drip,29.52,86.79,Quintal,3931.4,22385.63,29814.85,7833.39,12119.08,2368.17,INR_per_Quintal,76084.35,205533.47,129449.12,62.98,170.14,876.65,32.13,Low,Moderate Profit
FARM1085,Tomato,Maharashtra,Kharif,8.22,Black Soil,Rainfed,103.13,847.73,Quintal,31871.18,90183.93,152286.95,25533.88,21972.94,1586.14,INR_per_Quintal,321848.88,1344618.46,1022769.58,76.06,317.78,379.66,202.91,Medium,High Profit
FARM1086,Maize,Maharashtra,Kharif,5.61,Alluvial,Borewell,34.88,195.68,Quintal,7128.61,40564.77,38644.47,15938.06,15958.46,1992.61,INR_per_Quintal,118234.37,389913.92,271679.55,69.68,229.78,604.22,59.34,Low,High Profit
FARM1087,Potato,Telangana,Rabi,2.89,Loamy,Drip,123.7,357.49,Quintal,15137.67,20449.33,33773.03,9202.35,10913.22,1851.29,INR_per_Quintal,89475.6,661817.66,572342.06,86.48,639.66,250.29,48.33,Low,High Profit
FARM1088,Sugarcane,Punjab,Kharif,2.94,Loamy,Drip,85.11,250.22,Quintal,10696.24,29824.0,32688.26,23674.13,10504.0,3016.12,INR_per_Quintal,107386.63,754693.55,647306.92,85.77,602.78,429.17,35.6,Medium,High Profit
FARM1089,Potato,Karnataka,Kharif,2.27,Sandy,Sprinkler,107.17,243.28,Quintal,18198.79,22924.83,25443.26,13593.6,4356.75,1433.77,INR_per_Quintal,84517.23,348807.57,264290.34,75.77,312.71,347.41,58.95,Medium,High Profit
FARM1090,Chilli,Telangana,Zaid,7.35,Clay,Rainfed,9.97,73.28,Quintal,36215.01,58091.91,92446.28,24834.42,15771.2,9478.78,INR_per_Quintal,227358.82,694605.0,467246.18,67.27,205.51,3102.6,23.99,High,High Profit
FARM1091,Chilli,Tamil Nadu,Kharif,10.53,Clay,Borewell,13.89,146.26,Quintal,37684.74,97196.97,182599.94,45473.86,32053.08,8600.62,INR_per_Quintal,395008.59,1257926.68,862918.09,68.6,218.46,2700.73,45.93,Medium,High Profit
FARM1092,Tomato,Maharashtra,Rabi,7.1,Red Soil,Sprinkler,107.02,759.84,Quintal,30585.27,59175.52,89278.72,37279.9,36525.16,906.22,INR_per_Quintal,252844.57,688582.2,435737.63,63.28,172.33,332.76,279.01,Medium,High Profit
FARM1093,Chilli,Maharashtra,Zaid,7.57,Sandy,Rainfed,13.6,102.95,Quintal,36409.82,67334.3,68444.68,14413.76,27533.08,11424.98,INR_per_Quintal,214135.64,1176201.69,962066.05,81.79,449.28,2080.0,18.74,Medium,High Profit
FARM1094,Potato,Telangana,Kharif,10.37,Black Soil,Canal,97.95,1015.74,Quintal,65568.1,106666.75,103539.11,46434.5,28386.4,1288.4,INR_per_Quintal,350594.86,1308679.42,958084.56,73.21,273.27,345.16,272.12,Low,High Profit
FARM1095,Maize,Madhya Pradesh,Zaid,11.6,Loamy,Borewell,33.3,386.28,Quintal,15943.78,64317.57,114443.02,30854.61,31075.35,2263.77,INR_per_Quintal,256634.33,874449.08,617814.75,70.65,240.74,664.37,113.37,Low,High Profit
FARM1096,Sugarcane,Telangana,Zaid,2.3,Loamy,Borewell,80.21,184.48,Quintal,8187.83,26096.51,29231.63,19436.46,7419.55,3382.64,INR_per_Quintal,90371.98,624029.43,533657.45,85.52,590.51,489.87,26.72,Medium,High Profit
FARM1097,Groundnut,Andhra Pradesh,Rabi,6.74,Alluvial,Sprinkler,11.81,79.6,Quintal,13241.25,49307.27,56817.96,21014.91,19909.63,4785.23,INR_per_Quintal,160291.02,380904.31,220613.29,57.92,137.63,2013.71,33.5,Medium,High Profit
FARM1098,Onion,Madhya Pradesh,Rabi,7.98,Loamy,Canal,82.71,660.03,Quintal,50881.46,40794.06,100918.08,28378.29,37028.29,2179.23,INR_per_Quintal,258000.18,1438357.18,1180357.0,82.06,457.5,390.89,118.39,Medium,High Profit
FARM1099,Maize,Tamil Nadu,Kharif,10.18,Black Soil,Sprinkler,22.8,232.1,Quintal,15956.62,69097.26,78081.58,17701.57,34930.18,2230.26,INR_per_Quintal,215767.21,517643.35,301876.14,58.32,139.91,929.63,96.75,Medium,High Profit
FARM1100,Maize,Madhya Pradesh,Kharif,11.61,Alluvial,Drip,35.61,413.43,Quintal,22940.17,102048.37,123766.01,21818.18,38221.06,2337.85,INR_per_Quintal,308793.79,966537.33,657743.54,68.05,213.0,746.91,132.08,Medium,High Profit
FARM1101,Maize,Madhya Pradesh,Zaid,8.75,Clay,Drip,27.84,243.6,Quintal,12175.68,47284.03,47815.39,29012.49,21660.66,1845.66,INR_per_Quintal,157948.25,449602.78,291654.53,64.87,184.65,648.39,85.58,Medium,High Profit
FARM1102,Wheat,Telangana,Kharif,3.26,Black Soil,Rainfed,18.62,60.7,Quintal,5808.52,17366.87,17100.62,5891.48,4692.19,2554.69,INR_per_Quintal,50859.68,155069.68,104210.0,67.2,204.9,837.89,19.91,Medium,Moderate Profit
FARM1103,Cotton,Karnataka,Zaid,6.91,Loamy,Canal,13.44,92.87,Quintal,22589.02,76970.32,74511.95,14127.93,17490.22,7713.52,INR_per_Quintal,205689.44,716354.6,510665.16,71.29,248.27,2214.81,26.67,Medium,High Profit
FARM1104,Groundnut,Maharashtra,Rabi,3.01,Black Soil,Sprinkler,16.87,50.78,Quintal,9112.0,13819.08,34976.25,5646.18,4193.42,5223.05,INR_per_Quintal,67746.93,265226.48,197479.55,74.46,291.5,1334.13,12.97,Low,High Profit
FARM1105,Rice,Madhya Pradesh,Rabi,5.8,Red Soil,Canal,32.05,185.89,Quintal,7347.59,43104.65,49855.49,18575.89,10302.85,2141.38,INR_per_Quintal,129186.47,398061.13,268874.66,67.55,208.13,694.96,60.33,Medium,High Profit
FARM1106,Rice,Tamil Nadu,Zaid,10.04,Black Soil,Borewell,27.99,281.02,Quintal,18383.9,64307.24,116842.58,32911.92,41286.21,2507.87,INR_per_Quintal,273731.85,704761.63,431029.78,61.16,157.46,974.07,109.15,Medium,High Profit
FARM1107,Rice,Madhya Pradesh,Zaid,6.06,Sandy,Drip,21.06,127.62,Quintal,11070.56,48413.82,80372.66,14542.12,11240.14,1767.12,INR_per_Quintal,165639.3,225519.85,59880.55,26.55,36.15,1297.91,93.73,Medium,Moderate Profit
FARM1108,Maize,Punjab,Kharif,6.82,Black Soil,Rainfed,33.69,229.77,Quintal,9259.4,48782.25,40132.67,15014.54,13492.23,1997.63,INR_per_Quintal,126681.09,458995.45,332314.36,72.4,262.32,551.34,63.42,Medium,High Profit
FARM1109,Onion,Karnataka,Zaid,1.77,Red Soil,Sprinkler,89.4,158.24,Quintal,8575.16,16111.93,15799.06,6660.22,4028.8,2417.11,INR_per_Quintal,51175.17,382483.49,331308.32,86.62,647.4,323.4,21.17,High,High Profit
FARM1110,Maize,Punjab,Kharif,9.27,Black Soil,Sprinkler,24.91,230.92,Quintal,12078.48,61754.22,59476.17,30395.79,31017.49,1679.68,INR_per_Quintal,194722.15,387871.71,193149.56,49.8,99.19,843.25,115.93,Medium,High Profit
FARM1111,Rice,Karnataka,Zaid,11.99,Alluvial,Canal,27.06,324.45,Quintal,19914.57,64741.68,85256.56,34169.6,34907.09,2703.64,INR_per_Quintal,238989.5,877196.0,638206.5,72.76,267.04,736.6,88.4,Medium,High Profit
FARM1112,Wheat,Maharashtra,Kharif,3.48,Clay,Borewell,26.17,91.07,Quintal,5957.48,20196.75,24388.91,7085.87,9601.86,2937.14,INR_per_Quintal,67230.87,267485.34,200254.47,74.87,297.86,738.23,22.89,Medium,High Profit
FARM1113,Maize,Tamil Nadu,Kharif,3.15,Red Soil,Rainfed,21.04,66.28,Quintal,5777.48,25407.85,19377.31,6255.95,9722.08,2304.44,INR_per_Quintal,66540.67,152738.28,86197.61,56.43,129.54,1003.93,28.87,Medium,Moderate Profit
FARM1114,Wheat,Punjab,Zaid,8.45,Alluvial,Rainfed,17.89,151.17,Quintal,11356.51,50816.65,52940.72,25785.87,25333.68,2520.68,INR_per_Quintal,166233.43,381051.2,214817.77,56.38,129.23,1099.65,65.95,Medium,High Profit
FARM1115,Onion,Punjab,Kharif,1.05,Clay,Sprinkler,94.27,98.98,Quintal,4330.19,7974.3,14153.5,2952.23,3010.49,2304.74,INR_per_Quintal,32420.71,228123.17,195702.46,85.79,603.63,327.55,14.07,Medium,High Profit
FARM1116,Wheat,Karnataka,Rabi,3.15,Sandy,Canal,22.57,71.1,Quintal,5627.13,19160.8,22102.83,10542.09,6264.95,2524.1,INR_per_Quintal,63697.8,179463.51,115765.71,64.51,181.74,895.89,25.24,Medium,Moderate Profit
FARM1117,Wheat,Telangana,Kharif,3.04,Black Soil,Sprinkler,21.57,65.57,Quintal,5247.3,22220.95,19243.67,6226.74,5655.62,2283.0,INR_per_Quintal,58594.28,149696.31,91102.03,60.86,155.48,893.61,25.67,Medium,Moderate Profit
FARM1118,Sugarcane,Maharashtra,Rabi,3.47,Loamy,Rainfed,66.43,230.51,Quintal,18936.7,32151.65,56696.9,32114.8,18978.58,3060.93,INR_per_Quintal,158878.63,705574.97,546696.34,77.48,344.1,689.25,51.91,High,High Profit
FARM1119,Onion,Punjab,Zaid,4.36,Loamy,Rainfed,97.48,425.01,Quintal,27535.73,37678.57,45909.85,24278.11,14057.23,1472.6,INR_per_Quintal,149459.49,625869.73,476410.24,76.12,318.76,351.66,101.49,High,High Profit
FARM1120,Potato,Uttar Pradesh,Rabi,4.17,Clay,Drip,84.74,353.37,Quintal,27440.3,41426.69,59652.81,14025.95,17236.46,1739.1,INR_per_Quintal,159782.21,614545.77,454763.56,74.0,284.61,452.17,91.88,Medium,High Profit
FARM1121,Cotton,Madhya Pradesh,Zaid,11.57,Black Soil,Borewell,15.54,179.8,Quintal,33379.22,96550.67,183882.36,23756.46,36506.75,7677.8,INR_per_Quintal,374075.46,1380468.44,1006392.98,72.9,269.03,2080.51,48.72,Medium,High Profit
FARM1122,Chilli,Karnataka,Zaid,10.72,Loamy,Sprinkler,15.03,161.12,Quintal,49033.16,65630.57,117720.83,39901.75,35606.62,10413.38,INR_per_Quintal,307892.93,1677803.79,1369910.86,81.65,444.93,1910.95,29.57,High,High Profit
FARM1123,Sugarcane,Telangana,Rabi,10.52,Sandy,Sprinkler,55.84,587.44,Quintal,56537.26,100420.51,167613.8,91843.18,58911.66,3341.46,INR_per_Quintal,475326.41,1962907.26,1487580.85,75.78,312.96,809.15,142.25,Medium,High Profit
FARM1124,Potato,Andhra Pradesh,Zaid,3.7,Alluvial,Sprinkler,73.45,271.77,Quintal,29511.12,32034.84,39993.56,15071.44,13057.99,1972.16,INR_per_Quintal,129668.95,535973.92,406304.97,75.81,313.34,477.13,65.75,Medium,High Profit
FARM1125,Onion,Andhra Pradesh,Zaid,4.85,Loamy,Drip,88.61,429.76,Quintal,30388.61,32304.95,40512.43,15719.83,10269.41,2808.95,INR_per_Quintal,129195.23,1207174.35,1077979.12,89.3,834.38,300.62,45.99,High,High Profit
FARM1126,Rice,Andhra Pradesh,Rabi,2.46,Clay,Rainfed,26.9,66.17,Quintal,4522.63,17437.71,29493.55,6849.29,5818.29,2516.12,INR_per_Quintal,64121.47,166491.66,102370.19,61.49,159.65,969.04,25.48,Low,Moderate Profit
FARM1127,Sugarcane,Telangana,Zaid,3.87,Alluvial,Borewell,57.18,221.29,Quintal,20182.53,51930.58,37236.97,34153.22,15126.67,3493.65,INR_per_Quintal,158629.97,773109.81,614479.84,79.48,387.37,716.84,45.41,Medium,High Profit
FARM1128,Groundnut,Tamil Nadu,Rabi,4.19,Sandy,Canal,16.46,68.97,Quintal,12482.09,26776.28,42300.27,6905.71,8624.28,5528.23,INR_per_Quintal,97088.63,381282.02,284193.39,74.54,292.72,1407.69,17.56,Medium,High Profit
FARM1129,Onion,Maharashtra,Zaid,3.61,Red Soil,Borewell,107.59,388.4,Quintal,18041.27,29944.93,52069.79,15239.05,11950.81,2249.67,INR_per_Quintal,127245.85,873771.83,746525.98,85.44,586.68,327.62,56.56,High,High Profit
FARM1130,Sugarcane,Madhya Pradesh,Rabi,11.14,Loamy,Canal,74.72,832.38,Quintal,45031.11,97774.67,100310.63,79759.37,59148.39,3001.62,INR_per_Quintal,382024.17,2498488.46,2116464.29,84.71,554.01,458.95,127.27,Medium,High Profit
FARM1131,Wheat,Uttar Pradesh,Zaid,2.84,Sandy,Canal,22.48,63.84,Quintal,4565.91,15674.81,27062.24,7101.19,8735.17,2362.43,INR_per_Quintal,63139.32,150817.53,87678.21,58.14,138.86,989.02,26.73,Medium,Moderate Profit
FARM1132,Maize,Karnataka,Rabi,3.89,Alluvial,Canal,39.74,154.59,Quintal,7235.29,35716.31,24208.11,10747.26,12856.81,2088.87,INR_per_Quintal,90763.78,322918.41,232154.63,71.89,255.78,587.13,43.45,Medium,High Profit
FARM1133,Chilli,Tamil Nadu,Zaid,9.78,Alluvial,Canal,10.21,99.85,Quintal,36809.54,88702.51,123960.59,37386.69,27338.69,9878.44,INR_per_Quintal,314198.02,986362.23,672164.21,68.15,213.93,3146.7,31.81,Medium,High Profit
FARM1134,Sugarcane,Andhra Pradesh,Kharif,3.51,Loamy,Borewell,74.39,261.11,Quintal,13838.19,42517.04,39312.87,18689.82,9655.3,2696.82,INR_per_Quintal,124013.22,704166.67,580153.45,82.39,467.82,474.95,45.98,High,High Profit
FARM1135,Groundnut,Telangana,Rabi,5.89,Loamy,Rainfed,13.94,82.11,Quintal,10712.31,27241.93,67283.97,15308.03,8658.72,7120.69,INR_per_Quintal,129204.96,584679.86,455474.9,77.9,352.52,1573.56,18.15,Medium,High Profit
FARM1136,Potato,Maharashtra,Zaid,7.59,Black Soil,Rainfed,94.96,720.75,Quintal,44763.27,47284.31,74516.34,37873.59,14039.85,1620.74,INR_per_Quintal,218477.36,1168148.35,949670.99,81.3,434.68,303.13,134.8,Low,High Profit
FARM1137,Maize,Karnataka,Rabi,9.54,Black Soil,Drip,35.42,337.91,Quintal,15296.49,58242.15,50135.67,19956.71,22956.8,1672.15,INR_per_Quintal,166587.82,565036.21,398448.39,70.52,239.18,492.99,99.62,Medium,High Profit
FARM1138,Chilli,Andhra Pradesh,Rabi,3.21,Alluvial,Rainfed,8.53,27.38,Quintal,14148.23,34831.74,55061.52,14191.14,10547.65,10382.5,INR_per_Quintal,128780.28,284272.85,155492.57,54.7,120.74,4703.44,12.4,High,High Profit
FARM1139,Rice,Tamil Nadu,Rabi,7.76,Alluvial,Canal,24.11,187.09,Quintal,9894.13,63797.88,100436.51,22033.99,23224.1,2033.51,INR_per_Quintal,219386.61,380449.39,161062.78,42.33,73.42,1172.63,107.89,Medium,High Profit
FARM1140,Wheat,Maharashtra,Zaid,3.42,Loamy,Canal,27.33,93.47,Quintal,4454.76,25469.31,21233.06,9361.64,12279.6,2251.01,INR_per_Quintal,72798.37,210401.9,137603.53,65.4,189.02,778.84,32.34,Low,Moderate Profit
FARM1141,Sugarcane,Uttar Pradesh,Kharif,8.42,Red Soil,Sprinkler,66.89,563.21,Quintal,45336.87,81764.38,98348.76,77703.94,36376.52,2854.23,INR_per_Quintal,339530.47,1607530.88,1268000.41,78.88,373.46,602.85,118.96,High,High Profit
FARM1142,Chilli,Maharashtra,Kharif,8.16,Black Soil,Drip,16.85,137.5,Quintal,23514.88,77011.38,76919.04,21002.23,19006.16,8633.88,INR_per_Quintal,217453.69,1187158.5,969704.81,81.68,445.94,1581.48,25.19,High,High Profit
FARM1143,Maize,Uttar Pradesh,Kharif,1.35,Loamy,Borewell,31.06,41.93,Quintal,1496.7,6851.95,8761.18,3515.95,3108.04,1967.95,INR_per_Quintal,23733.82,82516.14,58782.32,71.24,247.67,566.03,12.06,Medium,Moderate Profit
FARM1144,Rice,Tamil Nadu,Zaid,6.67,Alluvial,Sprinkler,22.25,148.41,Quintal,8152.53,49394.63,82353.88,16185.27,23137.49,2683.87,INR_per_Quintal,179223.8,398313.15,219089.35,55.0,122.24,1207.63,66.78,Medium,High Profit
FARM1145,Chilli,Karnataka,Zaid,1.47,Loamy,Drip,12.2,17.93,Quintal,7304.6,8939.29,19216.68,5990.5,4395.58,7429.85,INR_per_Quintal,45846.65,133217.21,87370.56,65.59,190.57,2556.98,6.17,High,Moderate Profit
FARM1146,Wheat,Telangana,Zaid,1.57,Sandy,Rainfed,18.72,29.39,Quintal,2738.21,9825.76,15473.41,3167.74,3783.7,1936.42,INR_per_Quintal,34988.82,56911.38,21922.56,38.52,62.66,1190.5,18.07,Low,Low Profit
FARM1147,Wheat,Punjab,Kharif,10.41,Black Soil,Borewell,20.68,215.28,Quintal,11963.03,57299.11,53667.17,23773.06,19458.03,2590.43,INR_per_Quintal,166160.4,557667.77,391507.37,70.2,235.62,771.83,64.14,Medium,High Profit
FARM1148,Cotton,Punjab,Kharif,4.84,Red Soil,Borewell,12.67,61.32,Quintal,13418.01,34545.77,73571.53,13189.75,9497.24,6945.15,INR_per_Quintal,144222.3,425876.6,281654.3,66.14,195.29,2351.96,20.77,High,High Profit
FARM1149,Cotton,Maharashtra,Kharif,9.88,Sandy,Rainfed,17.37,171.62,Quintal,29769.4,108324.71,106035.18,22128.36,31633.31,7370.56,INR_per_Quintal,297890.96,1264935.51,967044.55,76.45,324.63,1735.76,40.42,Medium,High Profit
FARM1150,Tomato,Karnataka,Kharif,1.16,Sandy,Rainfed,101.17,117.36,Quintal,3596.72,8866.39,12056.72,4776.21,3683.34,847.64,INR_per_Quintal,32979.38,99479.03,66499.65,66.85,201.64,281.01,38.91,Medium,Moderate Profit
FARM1151,Chilli,Uttar Pradesh,Rabi,4.61,Sandy,Drip,8.56,39.46,Quintal,22944.08,49062.53,62410.06,14917.61,13420.64,8503.99,INR_per_Quintal,162754.92,335567.45,172812.53,51.5,106.18,4124.55,19.14,High,High Profit
FARM1152,Onion,Uttar Pradesh,Kharif,5.78,Black Soil,Borewell,108.38,626.44,Quintal,21865.88,56599.89,76068.99,16336.87,22330.07,1799.95,INR_per_Quintal,193201.7,1127560.68,934358.98,82.87,483.62,308.41,107.34,Medium,High Profit
FARM1153,Groundnut,Madhya Pradesh,Zaid,2.08,Red Soil,Rainfed,12.32,25.63,Quintal,4681.79,11179.11,17785.28,6778.35,3508.16,4548.9,INR_per_Quintal,43932.69,116588.31,72655.62,62.32,165.38,1714.11,9.66,Medium,Moderate Profit
FARM1154,Cotton,Maharashtra,Kharif,6.53,Alluvial,Canal,10.57,69.02,Quintal,15660.77,59854.61,73836.45,26280.4,17627.9,6192.06,INR_per_Quintal,193260.13,427375.98,234115.85,54.78,121.14,2800.06,31.21,Medium,High Profit
FARM1155,Wheat,Andhra Pradesh,Kharif,6.79,Clay,Sprinkler,18.04,122.49,Quintal,8221.06,52646.92,37860.57,17842.25,19597.9,2606.18,INR_per_Quintal,136168.7,319230.99,183062.29,57.34,134.44,1111.67,52.25,Medium,High Profit
FARM1156,Onion,Punjab,Rabi,1.74,Alluvial,Canal,77.0,133.98,Quintal,10760.48,10385.66,16679.86,7928.7,6716.91,1509.45,INR_per_Quintal,52471.61,202236.11,149764.5,74.05,285.42,391.64,34.76,Medium,Moderate Profit
FARM1157,Potato,Karnataka,Rabi,10.6,Sandy,Borewell,103.2,1093.92,Quintal,92416.4,112838.61,100888.04,39676.62,34971.64,1168.47,INR_per_Quintal,380791.31,1278212.7,897421.39,70.21,235.67,348.1,325.89,Medium,High Profit
FARM1158,Potato,Karnataka,Rabi,1.74,Clay,Drip,108.19,188.25,Quintal,15310.97,16952.08,24377.64,5181.11,4928.89,1674.67,INR_per_Quintal,66750.69,315256.63,248505.94,78.83,372.29,354.59,39.86,Medium,High Profit
FARM1159,Onion,Uttar Pradesh,Kharif,5.06,Clay,Rainfed,75.27,380.87,Quintal,21685.59,41161.89,51132.47,18766.74,16402.22,1613.72,INR_per_Quintal,149148.91,614617.54,465468.63,75.73,312.08,391.6,92.43,High,High Profit
FARM1160,Groundnut,Andhra Pradesh,Kharif,11.63,Black Soil,Canal,19.1,222.13,Quintal,29417.71,75973.34,138632.76,28106.83,16377.31,5797.46,INR_per_Quintal,288507.95,1287789.79,999281.84,77.6,346.36,1298.82,49.76,Medium,High Profit
FARM1161,Rice,Punjab,Zaid,10.56,Red Soil,Borewell,26.47,279.52,Quintal,21849.21,54622.1,115033.59,24032.37,39904.35,2601.21,INR_per_Quintal,255441.62,727090.22,471648.6,64.87,184.64,913.86,98.2,Low,High Profit
FARM1162,Potato,Maharashtra,Zaid,3.25,Loamy,Drip,123.78,402.29,Quintal,28886.91,31008.0,38623.57,11624.27,8759.21,1330.02,INR_per_Quintal,118901.96,535053.75,416151.79,77.78,350.0,295.56,89.4,Low,High Profit
FARM1163,Onion,Maharashtra,Kharif,9.02,Black Soil,Sprinkler,116.93,1054.71,Quintal,44722.38,64769.75,86566.29,39020.52,26736.25,2243.73,INR_per_Quintal,261815.19,2366484.47,2104669.28,88.94,803.88,248.23,116.69,High,High Profit
FARM1164,Chilli,Punjab,Rabi,1.87,Loamy,Sprinkler,9.73,18.2,Quintal,8247.06,15860.3,32300.9,3530.56,3704.17,7778.31,INR_per_Quintal,63642.99,141565.24,77922.25,55.04,122.44,3496.87,8.18,High,Moderate Profit
FARM1165,Maize,Karnataka,Kharif,11.85,Black Soil,Borewell,23.76,281.56,Quintal,17751.28,92130.9,86035.88,40513.69,20719.11,1789.57,INR_per_Quintal,257150.86,503871.33,246720.47,48.96,95.94,913.31,143.69,High,High Profit
FARM1166,Groundnut,Maharashtra,Kharif,1.76,Alluvial,Drip,10.69,18.81,Quintal,5333.45,7449.01,19668.5,5581.07,2470.66,5998.25,INR_per_Quintal,40502.69,112827.08,72324.39,64.1,178.57,2153.25,6.75,Medium,Moderate Profit
FARM1167,Potato,Karnataka,Kharif,7.03,Loamy,Sprinkler,95.57,671.86,Quintal,49228.58,76946.58,57653.29,38014.47,13636.26,1990.21,INR_per_Quintal,235479.18,1337142.49,1101663.31,82.39,467.84,350.49,118.32,Medium,High Profit
FARM1168,Tomato,Telangana,Zaid,8.54,Black Soil,Sprinkler,108.98,930.69,Quintal,28329.28,66892.83,111107.4,38090.01,25831.75,1356.89,INR_per_Quintal,270251.27,1262843.95,992592.68,78.6,367.29,290.38,199.17,Medium,High Profit
FARM1169,Groundnut,Punjab,Kharif,8.63,Alluvial,Sprinkler,18.48,159.48,Quintal,15660.42,35947.2,91249.37,29983.84,11053.17,4666.69,INR_per_Quintal,183894.0,744243.72,560349.72,75.29,304.71,1153.09,39.41,Medium,High Profit
FARM1170,Groundnut,Karnataka,Zaid,9.32,Alluvial,Sprinkler,9.96,92.83,Quintal,19778.3,41322.46,86969.89,25097.74,24475.14,6572.18,INR_per_Quintal,197643.53,610095.47,412451.94,67.6,208.68,2129.09,30.07,Medium,High Profit
FARM1171,Cotton,Andhra Pradesh,Zaid,3.72,Alluvial,Sprinkler,12.92,48.06,Quintal,11008.31,40447.38,42167.32,12094.02,11588.59,6980.1,INR_per_Quintal,117305.62,335463.61,218157.99,65.03,185.97,2440.82,16.81,Medium,High Profit
FARM1172,Groundnut,Andhra Pradesh,Zaid,1.74,Red Soil,Rainfed,10.58,18.41,Quintal,5795.02,11379.52,11156.4,5017.63,4066.26,5792.91,INR_per_Quintal,37414.83,106647.47,69232.64,64.92,185.04,2032.31,6.46,Medium,Moderate Profit
FARM1173,Onion,Telangana,Zaid,7.45,Alluvial,Drip,79.09,589.22,Quintal,40923.11,53533.02,97214.8,44639.18,17943.0,2593.11,INR_per_Quintal,254253.11,1527912.27,1273659.16,83.36,500.94,431.51,98.05,Medium,High Profit
FARM1174,Groundnut,Madhya Pradesh,Rabi,1.54,Alluvial,Canal,16.03,24.69,Quintal,4451.57,10274.28,15012.79,3965.52,3676.05,6468.02,INR_per_Quintal,37380.21,159695.41,122315.2,76.59,327.22,1513.98,5.78,Medium,Moderate Profit
FARM1175,Groundnut,Punjab,Zaid,1.99,Clay,Drip,15.04,29.93,Quintal,5589.66,12078.84,15982.78,4761.08,5904.23,6832.89,INR_per_Quintal,44316.59,204508.4,160191.81,78.33,361.47,1480.67,6.49,Medium,High Profit
FARM1176,Rice,Telangana,Rabi,2.57,Sandy,Drip,24.27,62.37,Quintal,3355.78,16327.78,32664.99,6793.42,9719.97,2063.86,INR_per_Quintal,68861.94,128722.95,59861.01,46.5,86.93,1104.09,33.37,Medium,Moderate Profit
FARM1177,Wheat,Madhya Pradesh,Kharif,11.16,Black Soil,Borewell,26.6,296.86,Quintal,13050.42,84673.94,83621.88,17496.15,32596.53,2346.78,INR_per_Quintal,231438.92,696665.11,465226.19,66.78,201.01,779.62,98.62,Medium,High Profit
FARM1178,Chilli,Tamil Nadu,Kharif,11.31,Loamy,Canal,14.42,163.09,Quintal,31652.4,72862.2,125479.81,45906.5,26396.45,9133.67,INR_per_Quintal,302297.36,1489610.24,1187312.88,79.71,392.76,1853.56,33.1,Medium,High Profit
FARM1179,Cotton,Punjab,Rabi,5.05,Clay,Canal,14.86,75.04,Quintal,16837.88,50260.44,65903.95,17545.7,19526.54,6460.67,INR_per_Quintal,170074.51,484808.68,314734.17,64.92,185.06,2266.45,26.32,Medium,High Profit
FARM1180,Potato,Madhya Pradesh,Kharif,5.15,Clay,Drip,100.58,517.99,Quintal,32748.17,37333.02,57784.85,19639.39,23793.79,1681.37,INR_per_Quintal,171299.22,870932.85,699633.63,80.33,408.43,330.7,101.88,Medium,High Profit
FARM1181,Groundnut,Punjab,Rabi,6.49,Clay,Borewell,17.19,111.56,Quintal,11958.27,32711.9,56997.25,10137.31,15923.73,5454.24,INR_per_Quintal,127728.46,608475.01,480746.55,79.01,376.38,1144.93,23.42,Medium,High Profit
FARM1182,Cotton,Tamil Nadu,Zaid,1.45,Alluvial,Drip,14.98,21.72,Quintal,4461.24,14694.12,17924.38,5036.97,5910.45,5616.06,INR_per_Quintal,48027.16,121980.82,73953.66,60.63,153.98,2211.2,8.55,Medium,Moderate Profit
FARM1183,Cotton,Punjab,Kharif,3.14,Sandy,Borewell,8.04,25.25,Quintal,6538.07,25597.17,35227.56,12160.23,13800.94,6350.24,INR_per_Quintal,93323.97,160343.56,67019.59,41.8,71.81,3696.0,14.7,Medium,Moderate Profit
FARM1184,Rice,Andhra Pradesh,Zaid,5.48,Sandy,Rainfed,30.22,165.61,Quintal,10704.96,28092.26,43889.87,17268.78,11405.97,2309.69,INR_per_Quintal,111361.84,382507.76,271145.92,70.89,243.48,672.43,48.22,Medium,High Profit
FARM1185,Cotton,Madhya Pradesh,Zaid,10.01,Black Soil,Rainfed,12.99,130.03,Quintal,21378.55,103147.35,145991.25,42400.4,41733.57,6169.33,INR_per_Quintal,354651.12,802197.98,447546.86,55.79,126.19,2727.46,57.49,Medium,High Profit
FARM1186,Chilli,Maharashtra,Kharif,7.28,Clay,Canal,13.6,99.01,Quintal,22591.92,47205.93,98054.93,30553.84,26874.07,8270.85,INR_per_Quintal,225280.69,818896.86,593616.17,72.49,263.5,2275.33,27.24,Medium,High Profit
FARM1187,Maize,Uttar Pradesh,Zaid,3.18,Clay,Drip,33.02,105.0,Quintal,4105.54,28515.94,29817.15,10676.05,9831.95,2239.32,INR_per_Quintal,82946.63,235128.6,152181.97,64.72,183.47,789.97,37.04,Medium,High Profit
FARM1188,Onion,Karnataka,Kharif,9.19,Alluvial,Canal,115.62,1062.55,Quintal,35085.83,56029.17,126137.98,35730.12,27881.97,1779.73,INR_per_Quintal,280865.07,1891052.11,1610187.04,85.15,573.3,264.33,157.81,Medium,High Profit
FARM1189,Tomato,Uttar Pradesh,Kharif,7.32,Black Soil,Borewell,117.38,859.22,Quintal,25595.2,66244.25,124322.8,36628.79,31834.4,1434.47,INR_per_Quintal,284625.44,1232525.31,947899.87,76.91,333.03,331.26,198.42,Medium,High Profit
FARM1190,Onion,Maharashtra,Kharif,2.69,Loamy,Canal,77.12,207.45,Quintal,14833.23,17430.82,29829.81,15656.51,8364.63,2094.74,INR_per_Quintal,86115.0,434553.81,348438.81,80.18,404.62,415.11,41.11,High,High Profit
FARM1191,Chilli,Punjab,Rabi,10.58,Loamy,Canal,15.01,158.81,Quintal,45217.82,91640.68,180202.36,25612.7,24862.61,9609.33,INR_per_Quintal,367536.17,1526057.7,1158521.53,75.92,315.21,2314.31,38.25,Medium,High Profit
FARM1192,Onion,Telangana,Kharif,3.49,Sandy,Canal,119.45,416.88,Quintal,17578.67,32311.07,34349.46,13737.32,8515.48,1233.5,INR_per_Quintal,106492.0,514221.48,407729.48,79.29,382.87,255.45,86.33,High,High Profit
FARM1193,Groundnut,Andhra Pradesh,Zaid,1.03,Black Soil,Rainfed,12.74,13.12,Quintal,2659.53,4774.39,9453.08,3000.79,2302.6,5043.35,INR_per_Quintal,22190.39,66168.75,43978.36,66.46,198.19,1691.34,4.4,Medium,Low Profit
FARM1194,Wheat,Karnataka,Zaid,9.41,Red Soil,Sprinkler,23.94,225.28,Quintal,9657.94,49765.17,81114.78,29874.56,13905.42,2047.87,INR_per_Quintal,184317.87,461344.15,277026.28,60.05,150.3,818.17,90.0,Medium,High Profit
FARM1195,Chilli,Punjab,Zaid,8.68,Clay,Drip,14.41,125.08,Quintal,23881.33,65784.18,83780.18,37766.45,28813.72,11296.35,INR_per_Quintal,240025.86,1412947.46,1172921.6,83.01,488.66,1918.98,21.25,Medium,High Profit
FARM1196,Wheat,Andhra Pradesh,Kharif,9.79,Black Soil,Rainfed,16.59,162.42,Quintal,14869.81,61668.86,61664.38,17332.63,15245.81,2415.99,INR_per_Quintal,170781.49,392405.1,221623.61,56.48,129.77,1051.48,70.69,Medium,High Profit
FARM1197,Maize,Uttar Pradesh,Rabi,3.38,Black Soil,Rainfed,33.16,112.08,Quintal,4682.7,29613.48,18423.83,10909.38,11744.09,2243.39,INR_per_Quintal,75373.48,251439.15,176065.67,70.02,233.59,672.5,33.6,Medium,High Profit
FARM1198,Tomato,Telangana,Rabi,4.89,Alluvial,Borewell,148.69,727.09,Quintal,19509.36,32537.61,63262.81,21100.94,25559.32,1201.79,INR_per_Quintal,161970.04,873809.49,711839.45,81.46,439.49,222.76,134.77,Medium,High Profit
FARM1199,Maize,Madhya Pradesh,Zaid,1.44,Alluvial,Rainfed,20.13,28.99,Quintal,2065.83,13183.07,9686.67,4455.53,2043.24,1868.42,INR_per_Quintal,31434.34,54165.5,22731.16,41.97,72.31,1084.32,16.82,Low,Low Profit
FARM1200,Potato,Karnataka,Kharif,6.12,Clay,Sprinkler,118.75,726.75,Quintal,41645.75,50881.65,83301.06,29947.95,21643.7,1807.14,INR_per_Quintal,227420.11,1313339.0,1085918.89,82.68,477.49,312.93,125.85,Medium,High Profit
FARM1201,Groundnut,Karnataka,Rabi,1.5,Sandy,Borewell,17.85,26.78,Quintal,3234.04,9111.63,11092.98,2442.63,4083.33,5253.62,INR_per_Quintal,29964.61,140691.94,110727.33,78.7,369.53,1118.92,5.7,Medium,Moderate Profit
FARM1202,Cotton,Uttar Pradesh,Kharif,9.34,Loamy,Rainfed,14.61,136.46,Quintal,24082.49,75393.75,113969.16,24824.32,19440.98,6970.46,INR_per_Quintal,257710.7,951188.97,693478.27,72.91,269.09,1888.54,36.97,Medium,High Profit
FARM1203,Onion,Karnataka,Rabi,7.13,Loamy,Drip,111.59,795.64,Quintal,25388.39,44546.39,56668.4,23235.1,19526.09,2049.04,INR_per_Quintal,169364.37,1630298.19,1460933.82,89.61,862.6,212.87,82.66,High,High Profit
FARM1204,Wheat,Maharashtra,Kharif,2.03,Alluvial,Canal,19.95,40.5,Quintal,2069.35,16438.57,11249.33,3560.05,3522.09,2182.58,INR_per_Quintal,36839.39,88394.49,51555.1,58.32,139.95,909.61,16.88,Low,Moderate Profit
FARM1205,Potato,Punjab,Kharif,11.72,Sandy,Borewell,82.24,963.85,Quintal,76599.66,129646.0,96031.59,70199.77,33907.39,1788.11,INR_per_Quintal,406384.41,1723469.82,1317085.41,76.42,324.1,421.63,227.27,Medium,High Profit
FARM1206,Groundnut,Andhra Pradesh,Zaid,8.75,Red Soil,Drip,15.24,133.35,Quintal,19381.27,61165.78,54309.73,25530.09,27045.28,5173.56,INR_per_Quintal,187432.15,689894.23,502462.08,72.83,268.08,1405.57,36.23,Medium,High Profit
FARM1207,Tomato,Punjab,Kharif,7.49,Red Soil,Rainfed,134.72,1009.05,Quintal,31781.61,71647.59,93562.43,39341.54,41844.2,1383.08,INR_per_Quintal,278177.37,1395596.87,1117419.5,80.07,401.69,275.68,201.13,Medium,High Profit
FARM1208,Cotton,Punjab,Zaid,1.94,Alluvial,Sprinkler,8.34,16.18,Quintal,4048.19,14390.93,22011.66,5191.24,7673.76,6513.87,INR_per_Quintal,53315.78,105394.42,52078.64,49.41,97.68,3295.17,8.18,Medium,Moderate Profit
FARM1209,Chilli,Uttar Pradesh,Kharif,9.54,Red Soil,Drip,9.48,90.44,Quintal,31872.69,64730.12,86873.93,23558.62,45490.48,11616.54,INR_per_Quintal,252525.84,1050599.88,798074.04,75.96,316.04,2792.19,21.74,Medium,High Profit
FARM1210,Groundnut,Telangana,Zaid,3.83,Red Soil,Canal,12.56,48.1,Quintal,9948.53,24745.55,25925.62,12873.35,8666.93,5483.56,INR_per_Quintal,82159.98,263759.24,181599.26,68.85,221.03,1708.11,14.98,Medium,High Profit
FARM1211,Tomato,Uttar Pradesh,Zaid,7.75,Alluvial,Borewell,95.2,737.8,Quintal,24050.06,50768.68,128546.55,28220.48,37540.75,1295.17,INR_per_Quintal,269126.52,955576.43,686449.91,71.84,255.07,364.77,207.79,High,High Profit
FARM1212,Groundnut,Uttar Pradesh,Zaid,6.2,Red Soil,Borewell,12.44,77.13,Quintal,17421.77,30577.07,64939.11,10347.56,16546.64,5120.13,INR_per_Quintal,139832.15,394915.63,255083.48,64.59,182.42,1812.94,27.31,Medium,High Profit
FARM1213,Maize,Karnataka,Kharif,10.78,Black Soil,Sprinkler,33.72,363.5,Quintal,18422.42,99894.64,59822.09,24983.27,19579.49,2043.86,INR_per_Quintal,222701.91,742943.11,520241.2,70.02,233.6,612.66,108.96,Low,High Profit
FARM1214,Sugarcane,Telangana,Kharif,7.28,Alluvial,Sprinkler,59.95,436.44,Quintal,36443.99,74750.55,111524.12,38746.25,24669.14,3331.68,INR_per_Quintal,286134.05,1454078.42,1167944.37,80.32,408.18,655.61,85.88,Medium,High Profit
FARM1215,Wheat,Karnataka,Zaid,7.8,Red Soil,Drip,15.1,117.78,Quintal,13567.51,55976.97,56447.98,23392.43,29238.56,2338.91,INR_per_Quintal,178623.45,275476.82,96853.37,35.16,54.22,1516.59,76.37,Medium,Moderate Profit
FARM1216,Maize,Telangana,Rabi,10.75,Alluvial,Drip,32.64,350.88,Quintal,17386.48,61086.73,67654.31,23583.12,30073.92,2089.44,INR_per_Quintal,199784.56,733142.71,533358.15,72.75,266.97,569.38,95.62,Medium,High Profit
FARM1217,Cotton,Madhya Pradesh,Rabi,5.91,Loamy,Drip,11.81,69.8,Quintal,10801.34,63946.6,85849.3,22183.84,25985.63,7238.41,INR_per_Quintal,208766.71,505241.02,296474.31,58.68,142.01,2990.93,28.84,Low,High Profit
FARM1218,Tomato,Karnataka,Kharif,3.94,Alluvial,Sprinkler,89.11,351.09,Quintal,17345.39,31116.75,49104.69,18968.96,17390.56,1594.07,INR_per_Quintal,133926.35,559662.04,425735.69,76.07,317.89,381.46,84.02,High,High Profit
FARM1219,Wheat,Madhya Pradesh,Zaid,10.35,Loamy,Drip,26.78,277.17,Quintal,13581.49,55909.71,60544.43,35256.32,19667.88,1744.29,INR_per_Quintal,184959.83,483464.86,298505.03,61.74,161.39,667.32,106.04,Medium,High Profit
FARM1220,Tomato,Punjab,Zaid,4.65,Loamy,Borewell,97.13,451.65,Quintal,19892.27,47157.69,71682.48,25713.5,14813.03,1102.78,INR_per_Quintal,179258.97,498070.59,318811.62,64.01,177.85,396.9,162.55,Medium,High Profit
FARM1221,Chilli,Madhya Pradesh,Kharif,4.64,Red Soil,Sprinkler,12.54,58.19,Quintal,17884.17,30829.96,70528.34,20177.77,13698.9,7366.2,INR_per_Quintal,153119.14,428639.18,275520.04,64.28,179.94,2631.37,20.79,Medium,High Profit
FARM1222,Rice,Telangana,Rabi,8.94,Alluvial,Borewell,28.76,257.11,Quintal,13439.84,51822.12,124910.67,17344.14,34407.05,2349.77,INR_per_Quintal,241923.82,604149.36,362225.54,59.96,149.73,940.94,102.96,Medium,High Profit
FARM1223,Maize,Tamil Nadu,Kharif,1.01,Loamy,Canal,30.77,31.08,Quintal,1198.0,6813.12,5475.61,1742.46,3673.71,1713.06,INR_per_Quintal,18902.9,53241.9,34339.0,64.5,181.66,608.2,11.03,Medium,Low Profit
FARM1224,Potato,Punjab,Kharif,7.61,Sandy,Borewell,75.77,576.61,Quintal,56439.85,84920.42,94180.42,37956.13,34715.9,1247.47,INR_per_Quintal,308212.72,719303.68,411090.96,57.15,133.38,534.53,247.07,Medium,High Profit
FARM1225,Tomato,Telangana,Kharif,6.58,Black Soil,Drip,154.96,1019.64,Quintal,19308.63,41757.71,72159.83,38874.93,38383.35,1129.29,INR_per_Quintal,210484.45,1151469.26,940984.81,81.72,447.06,206.43,186.39,Medium,High Profit
FARM1226,Rice,Andhra Pradesh,Rabi,7.09,Loamy,Borewell,26.93,190.93,Quintal,9602.01,63049.08,87423.63,27154.88,29417.14,2025.41,INR_per_Quintal,216646.74,386711.53,170064.79,43.98,78.5,1134.69,106.96,Medium,High Profit
FARM1227,Maize,Andhra Pradesh,Kharif,2.2,Black Soil,Borewell,21.72,47.78,Quintal,3939.43,16789.81,12932.96,7139.84,4789.85,1972.24,INR_per_Quintal,45591.89,94233.63,48641.74,51.62,106.69,954.2,23.12,Medium,Low Profit
FARM1228,Onion,Andhra Pradesh,Kharif,9.36,Loamy,Borewell,68.34,639.66,Quintal,38231.04,77986.81,101725.35,37793.11,20232.55,2430.09,INR_per_Quintal,275968.86,1554431.37,1278462.51,82.25,463.26,431.43,113.56,Medium,High Profit
FARM1229,Sugarcane,Uttar Pradesh,Zaid,4.13,Clay,Sprinkler,64.43,266.1,Quintal,23945.33,40472.14,40964.14,32135.91,15319.74,3754.14,INR_per_Quintal,152837.26,998976.65,846139.39,84.7,553.62,574.36,40.71,Medium,High Profit
FARM1230,Sugarcane,Uttar Pradesh,Rabi,11.68,Sandy,Canal,64.74,756.16,Quintal,43841.9,117581.98,157943.18,60909.75,33277.61,3044.32,INR_per_Quintal,413554.42,2301993.01,1888438.59,82.03,456.64,546.91,135.84,Medium,High Profit
FARM1231,Rice,Uttar Pradesh,Kharif,3.08,Alluvial,Canal,28.69,88.37,Quintal,6651.82,22932.21,35394.2,10354.46,10671.02,2340.05,INR_per_Quintal,86003.71,206790.22,120786.51,58.41,140.44,973.22,36.75,Medium,Moderate Profit
FARM1232,Wheat,Maharashtra,Rabi,8.31,Sandy,Drip,18.7,155.4,Quintal,12488.11,49641.38,45296.65,19667.67,18888.07,2120.92,INR_per_Quintal,145981.88,329590.97,183609.09,55.71,125.78,939.39,68.83,Medium,High Profit
FARM1233,Maize,Andhra Pradesh,Rabi,11.63,Clay,Sprinkler,33.77,392.75,Quintal,22591.38,74853.97,76009.43,44178.88,33507.39,1757.98,INR_per_Quintal,251141.05,690446.65,439305.6,63.63,174.92,639.44,142.86,Low,High Profit
FARM1234,Rice,Tamil Nadu,Kharif,7.6,Loamy,Drip,31.07,236.13,Quintal,13806.46,46873.59,56603.34,26010.34,13836.63,2577.71,INR_per_Quintal,157130.36,608674.66,451544.3,74.18,287.37,665.44,60.96,Medium,High Profit
FARM1235,Chilli,Andhra Pradesh,Rabi,8.78,Sandy,Borewell,16.24,142.59,Quintal,40580.55,74506.68,96644.31,38185.92,23423.74,10982.28,INR_per_Quintal,273341.2,1565963.31,1292622.11,82.54,472.9,1916.97,24.89,Medium,High Profit
FARM1236,Groundnut,Tamil Nadu,Zaid,10.71,Sandy,Sprinkler,14.56,155.94,Quintal,21162.61,61694.78,107435.5,33105.15,24218.79,6015.82,INR_per_Quintal,247616.83,938106.97,690490.14,73.6,278.85,1587.9,41.16,Medium,High Profit
FARM1237,Onion,Tamil Nadu,Kharif,2.28,Clay,Rainfed,62.32,142.09,Quintal,10417.21,17790.83,24726.31,11109.98,8209.82,1658.72,INR_per_Quintal,72254.15,235687.52,163433.37,69.34,226.19,508.51,43.56,Medium,High Profit
FARM1238,Groundnut,Tamil Nadu,Kharif,7.56,Black Soil,Sprinkler,13.3,100.55,Quintal,15343.67,41909.97,85853.15,11888.94,20709.07,6455.7,INR_per_Quintal,175704.8,649120.64,473415.84,72.93,269.44,1747.44,27.22,Medium,High Profit
FARM1239,Potato,Maharashtra,Rabi,1.11,Black Soil,Rainfed,125.04,138.79,Quintal,9396.26,11779.26,12714.67,3562.4,4051.69,2044.01,INR_per_Quintal,41504.28,283688.15,242183.87,85.37,583.52,299.04,20.31,Medium,High Profit
FARM1240,Sugarcane,Karnataka,Zaid,3.95,Black Soil,Drip,81.61,322.36,Quintal,22978.44,33372.32,39031.37,33416.15,19514.75,2991.56,INR_per_Quintal,148313.03,964359.28,816046.25,84.62,550.22,460.09,49.58,High,High Profit
FARM1241,Sugarcane,Tamil Nadu,Zaid,10.66,Red Soil,Canal,81.5,868.79,Quintal,39996.62,126645.7,107365.58,80545.52,30675.12,3056.09,INR_per_Quintal,385228.54,2655100.43,2269871.89,85.49,589.23,443.41,126.05,Medium,High Profit
FARM1242,Rice,Punjab,Kharif,10.35,Black Soil,Rainfed,22.79,235.88,Quintal,14015.88,73636.62,78706.76,38632.81,39441.0,2272.81,INR_per_Quintal,244433.07,536110.42,291677.35,54.41,119.33,1036.26,107.55,Medium,High Profit
FARM1243,Wheat,Andhra Pradesh,Rabi,11.83,Loamy,Drip,18.35,217.08,Quintal,14880.61,53528.37,94417.56,23992.04,21540.9,2253.01,INR_per_Quintal,208359.48,489083.41,280723.93,57.4,134.73,959.83,92.48,Medium,High Profit
FARM1244,Cotton,Tamil Nadu,Zaid,8.47,Sandy,Borewell,11.4,96.56,Quintal,15260.29,54091.73,134901.07,33136.05,37480.92,7332.49,INR_per_Quintal,274870.06,708025.23,433155.17,61.18,157.59,2846.62,37.49,Medium,High Profit
FARM1245,Sugarcane,Maharashtra,Zaid,1.07,Red Soil,Borewell,65.26,69.83,Quintal,4550.86,10600.75,17905.5,7699.79,4628.78,3696.25,INR_per_Quintal,45385.68,258109.14,212723.46,82.42,468.7,649.95,12.28,Medium,High Profit
FARM1246,Onion,Uttar Pradesh,Kharif,11.0,Clay,Rainfed,93.86,1032.46,Quintal,66164.68,85964.02,138598.33,56364.58,39888.9,1908.61,INR_per_Quintal,386980.51,1970563.48,1583582.97,80.36,409.22,374.81,202.76,High,High Profit
FARM1247,Tomato,Karnataka,Rabi,7.47,Sandy,Rainfed,83.17,621.28,Quintal,33920.47,76958.49,142673.97,34124.23,41008.12,1320.05,INR_per_Quintal,328685.28,820120.66,491435.38,59.92,149.52,529.05,248.99,High,High Profit
FARM1248,Rice,Uttar Pradesh,Zaid,8.09,Clay,Borewell,25.28,204.52,Quintal,11957.62,73997.23,96682.54,32145.34,34334.72,2554.51,INR_per_Quintal,249117.45,522448.39,273330.94,52.32,109.72,1218.06,97.52,Low,High Profit
FARM1249,Rice,Karnataka,Rabi,9.42,Alluvial,Rainfed,26.26,247.37,Quintal,16070.18,63390.02,73100.2,20137.72,33855.89,1833.78,INR_per_Quintal,206554.01,453622.16,247068.15,54.47,119.61,835.0,112.64,Medium,High Profit
FARM1250,Rice,Telangana,Kharif,6.21,Clay,Drip,27.87,173.07,Quintal,11129.42,34886.4,56666.74,23320.72,19711.16,2277.39,INR_per_Quintal,145714.44,394147.89,248433.45,63.03,170.49,841.94,63.98,Low,High Profit
FARM1251,Tomato,Karnataka,Rabi,6.28,Black Soil,Rainfed,155.07,973.84,Quintal,24385.22,50643.32,101928.88,26186.79,33264.38,1812.25,INR_per_Quintal,236408.59,1764841.54,1528432.95,86.6,646.52,242.76,130.45,High,High Profit
FARM1252,Tomato,Madhya Pradesh,Rabi,6.66,Sandy,Borewell,125.3,834.5,Quintal,30172.97,76267.08,105193.99,42283.05,24544.35,1187.1,INR_per_Quintal,278461.44,990634.95,712173.51,71.89,255.75,333.69,234.57,Medium,High Profit
FARM1253,Maize,Madhya Pradesh,Kharif,5.26,Alluvial,Sprinkler,34.76,182.84,Quintal,5647.73,44425.04,51296.25,13064.46,15198.51,1911.62,INR_per_Quintal,129631.99,349520.6,219888.61,62.91,169.63,708.99,67.81,Medium,High Profit
FARM1254,Cotton,Tamil Nadu,Zaid,6.33,Loamy,Borewell,11.02,69.76,Quintal,12328.06,40845.45,101162.28,26253.89,27941.03,6784.32,INR_per_Quintal,208530.71,473274.16,264743.45,55.94,126.96,2989.26,30.74,Medium,High Profit
FARM1255,Rice,Madhya Pradesh,Rabi,3.42,Sandy,Drip,29.87,102.16,Quintal,4784.43,20188.65,39645.78,8620.2,11263.48,1798.06,INR_per_Quintal,84502.54,183689.81,99187.27,54.0,117.38,827.16,47.0,Medium,Moderate Profit
FARM1256,Cotton,Telangana,Zaid,2.76,Clay,Sprinkler,17.44,48.13,Quintal,8888.23,25784.52,34459.21,11564.23,9979.02,6120.81,INR_per_Quintal,90675.21,294594.59,203919.38,69.22,224.89,1883.96,14.81,Medium,High Profit
FARM1257,Maize,Tamil Nadu,Kharif,11.62,Sandy,Borewell,30.78,357.66,Quintal,12338.25,99250.49,73204.53,39159.41,31219.7,1973.84,INR_per_Quintal,255172.38,705963.61,450791.23,63.85,176.66,713.45,129.28,Medium,High Profit
FARM1258,Rice,Maharashtra,Kharif,9.31,Loamy,Sprinkler,23.45,218.32,Quintal,13940.14,54377.57,85323.8,20918.91,21358.43,2169.86,INR_per_Quintal,195918.85,473723.84,277804.99,58.64,141.8,897.39,90.29,Medium,High Profit
FARM1259,Onion,Karnataka,Rabi,10.67,Alluvial,Rainfed,62.11,662.71,Quintal,59094.22,66179.26,110525.03,34563.05,22910.51,2703.04,INR_per_Quintal,293272.07,1791331.64,1498059.57,83.63,510.81,442.53,108.5,High,High Profit
FARM1260,Cotton,Punjab,Zaid,7.72,Sandy,Sprinkler,11.54,89.09,Quintal,21396.57,57057.06,65053.95,29275.9,17460.4,7367.09,INR_per_Quintal,190243.88,656334.05,466090.17,71.01,245.0,2135.41,25.82,Medium,High Profit
FARM1261,Rice,Uttar Pradesh,Kharif,2.04,Clay,Sprinkler,22.87,46.65,Quintal,3226.08,10517.51,22851.9,4086.05,5826.97,2632.62,INR_per_Quintal,46508.51,122811.72,76303.21,62.13,164.06,996.97,17.67,Medium,Moderate Profit
FARM1262,Maize,Punjab,Rabi,1.52,Alluvial,Drip,28.84,43.84,Quintal,2560.14,8016.08,8996.28,3539.79,4509.91,1827.16,INR_per_Quintal,27622.2,80102.69,52480.49,65.52,189.99,630.07,15.12,Medium,Moderate Profit
FARM1263,Wheat,Uttar Pradesh,Zaid,11.91,Alluvial,Borewell,25.4,302.51,Quintal,19549.57,93101.65,87848.6,33069.0,31455.12,2707.69,INR_per_Quintal,265023.94,819103.3,554079.36,67.64,209.07,876.08,97.88,Medium,High Profit
FARM1264,Chilli,Karnataka,Rabi,3.74,Clay,Borewell,16.26,60.81,Quintal,14765.08,26277.81,66477.24,9307.17,14827.33,11738.05,INR_per_Quintal,131654.63,713790.82,582136.19,81.56,442.17,2165.02,11.22,High,High Profit
FARM1265,Rice,Uttar Pradesh,Zaid,6.62,Sandy,Drip,19.24,127.37,Quintal,9993.37,38403.17,50272.34,19365.94,18638.54,2180.82,INR_per_Quintal,136673.36,277771.04,141097.68,50.8,103.24,1073.04,62.67,Low,Moderate Profit
FARM1266,Maize,Telangana,Kharif,4.06,Black Soil,Rainfed,22.97,93.26,Quintal,4418.86,24843.57,21722.97,13552.55,9856.12,2291.24,INR_per_Quintal,74394.07,213681.04,139286.97,65.18,187.23,797.71,32.47,Medium,Moderate Profit
FARM1267,Maize,Andhra Pradesh,Rabi,11.34,Sandy,Borewell,38.1,432.05,Quintal,16911.38,95443.43,62024.74,37055.11,42403.89,2412.46,INR_per_Quintal,253838.55,1042303.34,788464.79,75.65,310.62,587.52,105.22,Medium,High Profit
FARM1268,Groundnut,Maharashtra,Kharif,11.21,Black Soil,Rainfed,11.28,126.45,Quintal,24400.24,57582.38,68826.56,20256.96,24798.68,5628.0,INR_per_Quintal,195864.82,711660.6,515795.78,72.48,263.34,1548.95,34.8,Medium,High Profit
FARM1269,Sugarcane,Madhya Pradesh,Zaid,5.57,Alluvial,Borewell,59.52,331.53,Quintal,21976.53,46494.79,57145.87,46400.87,27912.7,2871.25,INR_per_Quintal,199930.76,951905.51,751974.75,79.0,376.12,603.05,69.63,Medium,High Profit
FARM1270,Groundnut,Telangana,Zaid,1.68,Clay,Canal,13.44,22.58,Quintal,5425.74,11501.6,16407.74,4328.84,2244.19,5431.46,INR_per_Quintal,39908.11,122642.37,82734.26,67.46,207.31,1767.41,7.35,Medium,Moderate Profit
FARM1271,Onion,Tamil Nadu,Zaid,7.87,Loamy,Canal,87.52,688.78,Quintal,34399.2,57845.42,98254.89,20775.2,33277.75,1766.51,INR_per_Quintal,244552.46,1216736.76,972184.3,79.9,397.54,355.05,138.44,Medium,High Profit
FARM1272,Tomato,Punjab,Zaid,11.55,Red Soil,Canal,138.25,1596.79,Quintal,41118.49,87941.78,166330.59,52712.38,57780.56,1054.78,INR_per_Quintal,405883.8,1684262.16,1278378.36,75.9,314.96,254.19,384.8,High,High Profit
FARM1273,Sugarcane,Karnataka,Kharif,6.17,Red Soil,Borewell,55.99,345.46,Quintal,36237.22,61496.38,83359.46,38790.41,29862.23,3345.53,INR_per_Quintal,249745.7,1155746.79,906001.09,78.39,362.77,722.94,74.65,High,High Profit
FARM1274,Wheat,Uttar Pradesh,Rabi,11.99,Alluvial,Canal,16.76,200.95,Quintal,18872.05,90707.27,102687.53,29102.75,45376.62,1878.55,INR_per_Quintal,286746.22,377494.62,90748.4,24.04,31.65,1426.95,152.64,Medium,Moderate Profit
FARM1275,Sugarcane,Telangana,Kharif,2.57,Clay,Canal,78.22,201.03,Quintal,14935.68,29778.29,29525.47,17990.86,8272.64,3334.3,INR_per_Quintal,100502.94,670294.33,569791.39,85.01,566.94,499.94,30.14,Medium,High Profit
FARM1276,Groundnut,Karnataka,Rabi,5.12,Black Soil,Borewell,18.84,96.46,Quintal,13666.41,28934.15,57306.07,11636.47,10394.95,6318.01,INR_per_Quintal,121938.05,609435.24,487497.19,79.99,399.79,1264.13,19.3,Medium,High Profit
FARM1277,Potato,Maharashtra,Rabi,3.4,Black Soil,Borewell,120.93,411.16,Quintal,24616.78,29970.21,46339.22,10152.33,15353.39,1973.84,INR_per_Quintal,126431.93,811564.05,685132.12,84.42,541.9,307.5,64.05,Medium,High Profit
FARM1278,Sugarcane,Punjab,Rabi,3.9,Loamy,Sprinkler,78.09,304.55,Quintal,15460.16,35666.71,54078.98,22967.38,21785.47,2596.75,INR_per_Quintal,149958.7,790840.21,640881.51,81.04,427.37,492.39,57.75,Medium,High Profit
FARM1279,Onion,Karnataka,Zaid,4.25,Loamy,Drip,87.71,372.77,Quintal,15753.97,33858.48,63378.65,24710.38,9384.16,2652.21,INR_per_Quintal,147085.64,988664.32,841578.68,85.12,572.17,394.57,55.46,High,High Profit
FARM1280,Tomato,Punjab,Zaid,4.01,Clay,Sprinkler,85.03,340.97,Quintal,11462.01,47009.63,47076.56,20401.07,12789.61,1025.36,INR_per_Quintal,138738.88,349617.0,210878.12,60.32,152.0,406.89,135.31,High,High Profit
FARM1281,Chilli,Telangana,Kharif,2.53,Alluvial,Canal,12.93,32.71,Quintal,9114.44,22713.15,28103.32,7095.67,5545.32,9243.03,INR_per_Quintal,72571.9,302339.51,229767.61,76.0,316.61,2218.65,7.85,High,High Profit
FARM1282,Chilli,Tamil Nadu,Zaid,5.65,Black Soil,Drip,10.63,60.06,Quintal,20526.34,43495.46,60020.99,21094.11,17283.72,6383.76,INR_per_Quintal,162420.62,383408.63,220988.01,57.64,136.06,2704.31,25.44,High,High Profit
FARM1283,Groundnut,Maharashtra,Kharif,6.45,Red Soil,Sprinkler,11.52,74.3,Quintal,14502.41,29691.19,74682.03,10229.74,14301.37,5036.03,INR_per_Quintal,143406.74,374177.03,230770.29,61.67,160.92,1930.1,28.48,Medium,High Profit
FARM1284,Sugarcane,Telangana,Kharif,1.97,Sandy,Borewell,62.76,123.64,Quintal,11339.17,25395.82,32653.02,16271.83,10373.4,2860.39,INR_per_Quintal,96033.24,353658.62,257625.38,72.85,268.27,776.72,33.57,Medium,High Profit
FARM1285,Potato,Madhya Pradesh,Rabi,7.01,Sandy,Borewell,77.08,540.33,Quintal,45672.75,71481.42,73879.21,36012.14,15797.52,1639.29,INR_per_Quintal,242843.04,885757.57,642914.53,72.58,264.74,449.43,148.14,Medium,High Profit
FARM1286,Maize,Punjab,Kharif,5.03,Red Soil,Borewell,37.09,186.56,Quintal,7286.45,44058.9,50792.65,11290.75,18525.18,2159.4,INR_per_Quintal,131953.93,402857.66,270903.73,67.25,205.3,707.3,61.11,Medium,High Profit
FARM1287,Potato,Karnataka,Kharif,7.45,Sandy,Borewell,77.13,574.62,Quintal,57967.4,77853.28,62938.19,28868.77,27016.79,1884.74,INR_per_Quintal,254644.43,1083009.3,828364.87,76.49,325.3,443.15,135.11,Medium,High Profit
FARM1288,Tomato,Punjab,Kharif,7.31,Clay,Drip,116.06,848.4,Quintal,31602.43,57441.34,120481.25,48925.06,34815.59,1165.73,INR_per_Quintal,293265.67,989005.33,695739.66,70.35,237.24,345.67,251.57,High,High Profit
FARM1289,Sugarcane,Tamil Nadu,Kharif,9.41,Clay,Canal,84.26,792.89,Quintal,40538.45,110773.74,131498.82,79361.77,56792.61,2785.24,INR_per_Quintal,418965.39,2208388.94,1789423.55,81.03,427.11,528.4,150.42,High,High Profit
FARM1290,Chilli,Maharashtra,Zaid,2.05,Sandy,Borewell,15.59,31.96,Quintal,9367.17,20511.3,27680.82,7940.09,5634.17,9182.22,INR_per_Quintal,71133.55,293463.75,222330.2,75.76,312.55,2225.71,7.75,Medium,High Profit
FARM1291,Potato,Punjab,Zaid,9.78,Sandy,Borewell,118.59,1159.81,Quintal,69194.31,82580.08,130929.33,55551.99,39155.59,2013.35,INR_per_Quintal,377411.3,2335103.46,1957692.16,83.84,518.72,325.41,187.45,Medium,High Profit
FARM1292,Rice,Andhra Pradesh,Kharif,6.53,Red Soil,Rainfed,27.93,182.38,Quintal,11290.2,33524.59,63216.84,18569.46,13961.29,2372.53,INR_per_Quintal,140562.38,432702.02,292139.64,67.52,207.84,770.71,59.25,Medium,High Profit
FARM1293,Potato,Telangana,Rabi,5.57,Black Soil,Sprinkler,85.71,477.4,Quintal,40791.81,33596.14,79436.93,15310.85,16807.46,1627.8,INR_per_Quintal,185943.19,777111.72,591168.53,76.07,317.93,389.49,114.23,Medium,High Profit
FARM1294,Maize,Tamil Nadu,Kharif,10.46,Clay,Sprinkler,31.5,329.49,Quintal,14687.46,77552.42,81141.18,38873.87,29863.78,1591.59,INR_per_Quintal,242118.71,524412.99,282294.28,53.83,116.59,734.83,152.12,Low,High Profit
FARM1295,Potato,Uttar Pradesh,Zaid,7.11,Alluvial,Rainfed,109.74,780.25,Quintal,56190.34,47188.58,89553.22,29827.19,30436.17,2031.44,INR_per_Quintal,253195.5,1585031.06,1331835.56,84.03,526.01,324.51,124.64,High,High Profit
FARM1296,Wheat,Uttar Pradesh,Zaid,1.77,Loamy,Canal,16.96,30.02,Quintal,2166.19,11026.13,9889.7,5786.52,3091.04,2530.67,INR_per_Quintal,31959.58,75970.71,44011.13,57.93,137.71,1064.61,12.63,Medium,Low Profit
FARM1297,Rice,Maharashtra,Rabi,9.21,Clay,Canal,27.86,256.59,Quintal,12916.89,71174.28,87465.98,25682.81,17648.9,1826.58,INR_per_Quintal,214888.86,468682.16,253793.3,54.15,118.1,837.48,117.65,Medium,High Profit
FARM1298,Chilli,Karnataka,Rabi,8.53,Red Soil,Drip,8.06,68.75,Quintal,39936.4,76906.68,90316.65,28174.42,23748.77,7239.36,INR_per_Quintal,259082.92,497706.0,238623.08,47.94,92.1,3768.48,35.79,Medium,High Profit
FARM1299,Cotton,Punjab,Zaid,1.74,Alluvial,Canal,9.35,16.27,Quintal,5070.4,17179.76,25447.47,5369.58,6010.26,7738.5,INR_per_Quintal,59077.47,125905.39,66827.92,53.08,113.12,3631.07,7.63,Medium,Moderate Profit
FARM1300,Wheat,Maharashtra,Kharif,9.8,Alluvial,Sprinkler,17.8,174.44,Quintal,16434.06,46523.32,50493.56,23817.3,33355.4,2064.53,INR_per_Quintal,170623.64,360136.61,189512.97,52.62,111.07,978.12,82.65,Medium,High Profit
FARM1301,Potato,Uttar Pradesh,Zaid,4.11,Alluvial,Drip,118.47,486.91,Quintal,33956.87,40957.78,53658.07,24634.91,14075.73,1680.15,INR_per_Quintal,167283.36,818081.84,650798.48,79.55,389.04,343.56,99.56,Medium,High Profit
FARM1302,Rice,Maharashtra,Zaid,5.45,Alluvial,Rainfed,21.98,119.79,Quintal,9894.57,30078.71,72355.55,11683.72,20570.94,1743.19,INR_per_Quintal,144583.49,208816.73,64233.24,30.76,44.43,1206.97,82.94,Medium,Moderate Profit
FARM1303,Chilli,Karnataka,Rabi,1.93,Clay,Rainfed,8.37,16.15,Quintal,6769.3,15872.67,27605.93,6251.67,7059.49,10688.7,INR_per_Quintal,63559.06,172622.51,109063.45,63.18,171.59,3935.55,5.95,High,Moderate Profit
FARM1304,Chilli,Karnataka,Zaid,4.85,Alluvial,Drip,9.08,44.04,Quintal,19732.78,41718.61,78484.42,12116.23,20053.77,9642.22,INR_per_Quintal,172105.81,424643.37,252537.56,59.47,146.73,3907.94,17.85,High,High Profit
FARM1305,Onion,Uttar Pradesh,Zaid,10.39,Alluvial,Sprinkler,84.71,880.14,Quintal,38201.39,62420.61,118526.16,28113.3,39501.81,2027.24,INR_per_Quintal,286763.27,1784255.01,1497491.74,83.93,522.2,325.82,141.46,High,High Profit
FARM1306,Wheat,Andhra Pradesh,Kharif,11.34,Clay,Drip,21.69,245.96,Quintal,11505.39,52020.17,85689.02,35417.01,18659.65,2306.94,INR_per_Quintal,203291.24,567414.96,364123.72,64.17,179.11,826.52,88.12,Medium,High Profit
FARM1307,Groundnut,Punjab,Zaid,11.45,Black Soil,Sprinkler,17.95,205.53,Quintal,24170.21,48539.04,113763.98,18364.71,32134.04,6261.47,INR_per_Quintal,236971.98,1286919.93,1049947.95,81.59,443.07,1152.98,37.85,Medium,High Profit
FARM1308,Cotton,Karnataka,Rabi,6.35,Black Soil,Borewell,10.52,66.8,Quintal,19469.07,42098.33,74946.94,21524.48,14539.54,7970.15,INR_per_Quintal,172578.36,532406.02,359827.66,67.59,208.5,2583.51,21.65,Medium,High Profit
FARM1309,Rice,Karnataka,Kharif,7.5,Black Soil,Sprinkler,20.38,152.85,Quintal,15722.14,38286.28,79904.86,18781.73,15470.18,2204.88,INR_per_Quintal,168165.19,337015.91,168850.72,50.1,100.41,1100.2,76.27,Low,High Profit
FARM1310,Chilli,Uttar Pradesh,Rabi,4.34,Red Soil,Drip,15.39,66.79,Quintal,16480.4,40218.68,53095.78,12957.35,10898.78,8505.17,INR_per_Quintal,133650.99,568060.3,434409.31,76.47,325.03,2001.06,15.71,High,High Profit
FARM1311,Tomato,Andhra Pradesh,Zaid,9.21,Alluvial,Borewell,77.48,713.59,Quintal,44190.09,77882.13,188807.58,33650.73,36114.84,1351.81,INR_per_Quintal,380645.37,964638.1,583992.73,60.54,153.42,533.42,281.58,High,High Profit
FARM1312,Potato,Tamil Nadu,Zaid,6.88,Loamy,Drip,68.46,471.0,Quintal,51286.11,49138.21,80755.08,26332.72,16525.63,1389.49,INR_per_Quintal,224037.75,654449.79,430412.04,65.77,192.12,475.66,161.24,Medium,High Profit
FARM1313,Chilli,Andhra Pradesh,Kharif,10.92,Black Soil,Canal,16.31,178.11,Quintal,42788.94,110645.15,121502.59,28394.69,31130.34,9021.27,INR_per_Quintal,334461.71,1606778.4,1272316.69,79.18,380.41,1877.84,37.07,Medium,High Profit
FARM1314,Wheat,Punjab,Zaid,6.04,Black Soil,Sprinkler,21.46,129.62,Quintal,10744.74,40992.98,50145.66,15438.0,12293.83,2073.6,INR_per_Quintal,129615.21,268780.03,139164.82,51.78,107.37,999.96,62.51,Medium,Moderate Profit
FARM1315,Cotton,Madhya Pradesh,Kharif,10.07,Loamy,Rainfed,12.21,122.95,Quintal,34720.37,69227.07,92749.36,22626.64,36030.7,6265.74,INR_per_Quintal,255354.14,770372.73,515018.59,66.85,201.69,2076.89,40.75,Medium,High Profit
FARM1316,Chilli,Karnataka,Kharif,4.06,Alluvial,Borewell,8.4,34.1,Quintal,15593.65,29717.97,66813.28,17942.64,13368.95,9829.88,INR_per_Quintal,143436.49,335198.91,191762.42,57.21,133.69,4206.35,14.59,Medium,High Profit
FARM1317,Tomato,Tamil Nadu,Kharif,9.53,Clay,Drip,88.97,847.88,Quintal,36331.27,105807.66,209217.11,32676.88,35280.56,1168.9,INR_per_Quintal,419313.48,991086.93,571773.45,57.69,136.36,494.54,358.72,Medium,High Profit
FARM1318,Onion,Uttar Pradesh,Rabi,9.48,Alluvial,Drip,88.67,840.59,Quintal,44484.16,66912.48,80596.38,48794.27,27389.91,1681.04,INR_per_Quintal,268177.2,1413065.41,1144888.21,81.02,426.91,319.03,159.53,High,High Profit
FARM1319,Chilli,Uttar Pradesh,Kharif,2.26,Loamy,Rainfed,11.0,24.86,Quintal,9962.01,16331.5,22064.32,6593.01,8787.16,8713.38,INR_per_Quintal,63738.0,216614.63,152876.63,70.58,239.85,2563.88,7.31,High,High Profit
FARM1320,Groundnut,Madhya Pradesh,Zaid,8.97,Loamy,Borewell,12.1,108.54,Quintal,26118.44,52624.96,80900.01,15070.59,22194.65,6144.46,INR_per_Quintal,196908.65,666919.69,470011.04,70.47,238.69,1814.16,32.05,High,High Profit
FARM1321,Wheat,Punjab,Kharif,11.89,Loamy,Canal,21.92,260.63,Quintal,21211.88,62728.63,102593.36,24582.77,18582.16,2066.39,INR_per_Quintal,229698.8,538563.23,308864.43,57.35,134.46,881.32,111.16,Medium,High Profit
FARM1322,Potato,Maharashtra,Rabi,9.47,Clay,Borewell,73.14,692.64,Quintal,57738.16,93646.25,78441.66,45570.05,38688.69,2054.86,INR_per_Quintal,314084.81,1423278.23,1109193.42,77.93,353.15,453.46,152.85,Medium,High Profit
FARM1323,Rice,Uttar Pradesh,Zaid,2.79,Red Soil,Rainfed,23.41,65.31,Quintal,3568.6,19409.8,21001.21,9182.97,9699.45,2103.11,INR_per_Quintal,62862.03,137354.11,74492.08,54.23,118.5,962.52,29.89,Medium,Moderate Profit
FARM1324,Tomato,Madhya Pradesh,Kharif,9.46,Clay,Canal,153.02,1447.57,Quintal,29218.44,88241.11,177449.04,36050.99,32325.99,1615.56,INR_per_Quintal,363285.57,2338636.19,1975350.62,84.47,543.75,250.96,224.87,Medium,High Profit
FARM1325,Rice,Uttar Pradesh,Rabi,7.85,Red Soil,Drip,32.43,254.58,Quintal,11946.36,66164.78,66918.02,15967.19,32645.16,2432.74,INR_per_Quintal,193641.51,619326.95,425685.44,68.73,219.83,760.63,79.6,Medium,High Profit
FARM1326,Sugarcane,Karnataka,Rabi,4.55,Clay,Sprinkler,60.33,274.5,Quintal,18374.69,62024.07,64194.72,43215.91,13115.14,3256.09,INR_per_Quintal,200924.53,893796.71,692872.18,77.52,344.84,731.97,61.71,Medium,High Profit
FARM1327,Wheat,Telangana,Kharif,4.0,Loamy,Rainfed,21.37,85.48,Quintal,6075.24,18742.45,26807.28,11518.02,6747.48,2042.16,INR_per_Quintal,69890.47,174563.84,104673.37,59.96,149.77,817.62,34.22,Low,Moderate Profit
FARM1328,Rice,Uttar Pradesh,Rabi,6.21,Alluvial,Drip,22.9,142.21,Quintal,9377.12,42568.42,80176.66,22143.75,11739.43,2361.39,INR_per_Quintal,166005.38,335813.27,169807.89,50.57,102.29,1167.33,70.3,Medium,High Profit
FARM1329,Sugarcane,Tamil Nadu,Zaid,2.18,Sandy,Rainfed,70.38,153.43,Quintal,10108.49,18526.72,29722.19,15352.83,11637.16,3834.55,INR_per_Quintal,85347.39,588335.01,502987.62,85.49,589.34,556.26,22.26,Medium,High Profit
FARM1330,Cotton,Uttar Pradesh,Zaid,1.38,Alluvial,Sprinkler,13.66,18.85,Quintal,2665.94,14314.98,21463.03,2657.49,5316.03,5268.6,INR_per_Quintal,46417.47,99313.11,52895.64,53.26,113.96,2462.47,8.81,Medium,Moderate Profit
FARM1331,Cotton,Karnataka,Rabi,4.14,Sandy,Canal,13.0,53.82,Quintal,9173.23,40236.65,61421.93,11922.65,15850.72,7271.62,INR_per_Quintal,138605.18,391358.59,252753.41,64.58,182.35,2575.35,19.06,Medium,High Profit
FARM1332,Chilli,Karnataka,Zaid,5.89,Alluvial,Sprinkler,10.97,64.61,Quintal,21025.74,40268.67,71373.02,23222.27,14512.99,7642.57,INR_per_Quintal,170402.69,493786.45,323383.76,65.49,189.78,2637.4,22.3,High,High Profit
FARM1333,Sugarcane,Tamil Nadu,Rabi,3.13,Red Soil,Borewell,67.95,212.68,Quintal,14451.18,36234.52,34864.01,25234.77,8943.73,3027.76,INR_per_Quintal,119728.21,643944.0,524215.79,81.41,437.84,562.95,39.54,High,High Profit
FARM1334,Sugarcane,Karnataka,Rabi,4.48,Red Soil,Rainfed,65.76,294.6,Quintal,23316.16,37171.5,45022.39,36698.82,14483.91,3928.25,INR_per_Quintal,156692.78,1157262.45,1000569.67,86.46,638.56,531.88,39.89,High,High Profit
FARM1335,Cotton,Karnataka,Kharif,1.79,Sandy,Drip,8.36,14.96,Quintal,5866.02,11731.7,17136.35,5782.53,5545.52,6793.7,INR_per_Quintal,46062.12,101633.75,55571.63,54.68,120.64,3079.02,6.78,Medium,Moderate Profit
FARM1336,Sugarcane,Andhra Pradesh,Rabi,11.88,Black Soil,Drip,88.08,1046.39,Quintal,56647.52,126289.66,132817.32,98533.72,56017.29,3638.33,INR_per_Quintal,470305.51,3807112.13,3336806.62,87.65,709.5,449.46,129.26,Medium,High Profit
FARM1337,Maize,Madhya Pradesh,Rabi,1.05,Sandy,Rainfed,26.93,28.28,Quintal,1136.02,6552.52,9379.6,2392.9,3669.57,1632.35,INR_per_Quintal,23130.61,46162.86,23032.25,49.89,99.57,817.91,14.17,Medium,Low Profit
FARM1338,Chilli,Madhya Pradesh,Kharif,10.55,Clay,Sprinkler,15.5,163.53,Quintal,39327.28,64187.57,120988.12,46204.06,27986.46,8024.51,INR_per_Quintal,298693.49,1312248.12,1013554.63,77.24,339.33,1826.54,37.22,High,High Profit
FARM1339,Sugarcane,Karnataka,Rabi,10.27,Alluvial,Canal,81.47,836.7,Quintal,47823.03,134317.67,152380.67,72331.65,49940.57,2680.94,INR_per_Quintal,456793.59,2243142.5,1786348.91,79.64,391.06,545.95,170.39,Medium,High Profit
FARM1340,Groundnut,Madhya Pradesh,Rabi,11.35,Sandy,Canal,9.97,113.16,Quintal,31088.26,74130.67,86803.54,32118.31,29464.41,5807.52,INR_per_Quintal,253605.19,657178.96,403573.77,61.41,159.13,2241.12,43.67,Medium,High Profit
FARM1341,Onion,Telangana,Zaid,11.0,Sandy,Rainfed,91.12,1002.32,Quintal,49463.02,100460.13,83485.23,27914.02,23452.23,2279.42,INR_per_Quintal,284774.63,2284708.25,1999933.62,87.54,702.29,284.12,124.93,Medium,High Profit
FARM1342,Sugarcane,Maharashtra,Zaid,4.02,Sandy,Canal,65.6,263.71,Quintal,15442.87,50228.44,42666.29,34800.56,21960.69,3047.83,INR_per_Quintal,165098.85,803743.25,638644.4,79.46,386.83,626.06,54.17,High,High Profit
FARM1343,Tomato,Karnataka,Rabi,1.26,Sandy,Sprinkler,102.86,129.6,Quintal,5591.85,12566.33,14342.89,5258.61,4198.98,1604.48,INR_per_Quintal,41958.66,207940.61,165981.95,79.82,395.58,323.76,26.15,High,High Profit
FARM1344,Sugarcane,Telangana,Rabi,3.69,Alluvial,Borewell,75.96,280.29,Quintal,19191.98,38714.94,43939.57,21212.6,17732.81,3130.53,INR_per_Quintal,140791.9,877456.25,736664.35,83.95,523.23,502.31,44.97,Medium,High Profit
FARM1345,Onion,Telangana,Kharif,8.65,Red Soil,Drip,83.63,723.4,Quintal,37554.6,62371.1,79145.09,42575.1,28827.1,2428.04,INR_per_Quintal,250472.99,1756444.14,1505971.15,85.74,601.25,346.24,103.16,High,High Profit
FARM1346,Potato,Andhra Pradesh,Rabi,6.49,Sandy,Sprinkler,83.95,544.84,Quintal,55280.12,42888.85,80864.84,21147.62,13794.88,1943.25,INR_per_Quintal,213976.31,1058760.33,844784.02,79.79,394.8,392.73,110.11,Medium,High Profit
FARM1347,Chilli,Karnataka,Zaid,4.56,Clay,Borewell,16.19,73.83,Quintal,16050.34,36261.94,47645.28,11603.18,19749.78,11382.85,INR_per_Quintal,131310.52,840395.82,709085.3,84.38,540.01,1778.55,11.54,High,High Profit
FARM1348,Potato,Punjab,Rabi,4.15,Alluvial,Borewell,111.12,461.15,Quintal,23302.01,33470.94,53098.76,19549.98,9807.35,1496.54,INR_per_Quintal,139229.04,690129.42,550900.38,79.83,395.68,301.92,93.03,Medium,High Profit
FARM1349,Chilli,Telangana,Rabi,9.81,Black Soil,Rainfed,14.38,141.07,Quintal,30112.07,95246.32,109295.06,43632.22,23691.4,10749.44,INR_per_Quintal,301977.07,1516423.5,1214446.43,80.09,402.17,2140.62,28.09,Medium,High Profit
FARM1350,Maize,Telangana,Zaid,4.97,Clay,Borewell,21.43,106.51,Quintal,6141.22,25489.46,35896.81,11431.75,7278.67,1866.73,INR_per_Quintal,86237.91,198825.41,112587.5,56.63,130.55,809.67,46.2,Medium,Moderate Profit
FARM1351,Tomato,Tamil Nadu,Zaid,7.4,Black Soil,Sprinkler,109.7,811.78,Quintal,35409.09,84833.48,93885.37,31397.91,22660.13,1168.85,INR_per_Quintal,268185.98,948849.05,680663.07,71.74,253.8,330.37,229.44,Medium,High Profit
FARM1352,Tomato,Madhya Pradesh,Kharif,3.09,Sandy,Rainfed,88.25,272.69,Quintal,13161.62,25128.37,52981.13,12033.01,9546.13,983.39,INR_per_Quintal,112850.26,268160.62,155310.36,57.92,137.63,413.84,114.76,High,High Profit
FARM1353,Groundnut,Telangana,Rabi,3.4,Loamy,Sprinkler,17.11,58.17,Quintal,8660.82,22810.89,33675.91,9872.8,6545.38,4378.35,INR_per_Quintal,81565.8,254688.62,173122.82,67.97,212.25,1402.2,18.63,Medium,High Profit
FARM1354,Maize,Uttar Pradesh,Zaid,8.99,Sandy,Drip,24.63,221.42,Quintal,12922.63,82147.29,90256.05,31771.11,26241.19,2037.52,INR_per_Quintal,243338.27,451147.68,207809.41,46.06,85.4,1098.99,119.43,High,High Profit
FARM1355,Sugarcane,Telangana,Kharif,7.51,Clay,Borewell,55.89,419.73,Quintal,27156.61,86496.21,104538.46,44991.33,45748.81,3044.39,INR_per_Quintal,308931.42,1277821.81,968890.39,75.82,313.63,736.02,101.48,High,High Profit
FARM1356,Wheat,Maharashtra,Rabi,4.48,Red Soil,Sprinkler,19.89,89.11,Quintal,5050.28,35530.24,27451.73,10498.33,11329.21,2249.07,INR_per_Quintal,89859.79,200414.63,110554.84,55.16,123.03,1008.41,39.95,Medium,Moderate Profit
FARM1357,Groundnut,Maharashtra,Kharif,7.04,Loamy,Sprinkler,15.5,109.12,Quintal,14690.03,32131.78,54998.65,12600.39,20130.59,5365.8,INR_per_Quintal,134551.44,585516.1,450964.66,77.02,335.16,1233.06,25.08,High,High Profit
FARM1358,Cotton,Karnataka,Kharif,4.04,Black Soil,Canal,10.94,44.2,Quintal,10745.38,44167.26,39537.79,12594.84,9591.82,6287.0,INR_per_Quintal,116637.09,277885.4,161248.31,58.03,138.25,2638.85,18.55,Medium,High Profit
FARM1359,Sugarcane,Tamil Nadu,Rabi,1.57,Alluvial,Canal,87.41,137.23,Quintal,9174.14,15903.33,19307.62,13807.08,6188.12,3511.94,INR_per_Quintal,64380.29,481943.53,417563.24,86.64,648.59,469.14,18.33,Medium,High Profit
FARM1360,Tomato,Tamil Nadu,Zaid,10.11,Clay,Rainfed,119.11,1204.2,Quintal,46138.72,87989.74,121082.15,41980.04,43320.96,945.79,INR_per_Quintal,340511.61,1138920.32,798408.71,70.1,234.47,282.77,360.03,Medium,High Profit
FARM1361,Sugarcane,Karnataka,Rabi,9.29,Black Soil,Drip,85.17,791.23,Quintal,50321.64,77317.4,121226.93,75371.15,35854.08,3817.14,INR_per_Quintal,360091.2,3020235.68,2660144.48,88.08,738.74,455.1,94.34,Medium,High Profit
FARM1362,Rice,Telangana,Kharif,5.83,Loamy,Sprinkler,30.83,179.74,Quintal,8017.33,34268.84,60307.07,21710.41,16033.03,2457.14,INR_per_Quintal,140336.68,441646.34,301309.66,68.22,214.7,780.78,57.11,Medium,High Profit
FARM1363,Onion,Madhya Pradesh,Kharif,10.27,Alluvial,Canal,97.29,999.17,Quintal,64580.6,68124.15,140489.03,57878.25,34205.88,1901.76,INR_per_Quintal,365277.91,1900181.54,1534903.63,80.78,420.2,365.58,192.07,Medium,High Profit
FARM1364,Sugarcane,Tamil Nadu,Kharif,3.39,Red Soil,Drip,55.13,186.89,Quintal,15723.08,33257.99,57391.34,32874.95,10637.17,3191.89,INR_per_Quintal,149884.53,596532.32,446647.79,74.87,297.99,801.99,46.96,Medium,High Profit
FARM1365,Groundnut,Andhra Pradesh,Rabi,9.21,Black Soil,Borewell,11.13,102.51,Quintal,29686.2,38743.63,64896.89,14708.27,15123.33,6480.85,INR_per_Quintal,163158.32,664351.93,501193.61,75.44,307.18,1591.63,25.18,Medium,High Profit
FARM1366,Cotton,Andhra Pradesh,Kharif,1.04,Alluvial,Borewell,8.54,8.88,Quintal,2809.88,10755.71,13083.11,3580.43,4066.1,6787.25,INR_per_Quintal,34295.23,60270.78,25975.55,43.1,75.74,3862.08,5.05,Medium,Low Profit
FARM1367,Tomato,Madhya Pradesh,Rabi,4.79,Red Soil,Sprinkler,141.51,677.83,Quintal,14013.51,41936.75,57678.75,14747.81,12848.27,1042.54,INR_per_Quintal,141225.09,706664.89,565439.8,80.02,400.38,208.35,135.46,High,High Profit
FARM1368,Rice,Uttar Pradesh,Zaid,5.96,Loamy,Sprinkler,32.11,191.38,Quintal,9387.68,30702.73,53937.57,12336.49,10465.32,2097.66,INR_per_Quintal,116829.79,401450.17,284620.38,70.9,243.62,610.46,55.7,Medium,High Profit
FARM1369,Sugarcane,Karnataka,Kharif,6.29,Black Soil,Sprinkler,70.48,443.32,Quintal,25049.52,59222.57,96878.5,60240.54,24661.87,2588.26,INR_per_Quintal,266053.0,1147427.42,881374.42,76.81,331.28,600.14,102.79,Medium,High Profit
FARM1370,Tomato,Punjab,Rabi,3.03,Red Soil,Drip,116.26,352.27,Quintal,9892.52,22930.4,47053.28,17005.13,13601.68,973.99,INR_per_Quintal,110483.01,343107.46,232624.45,67.8,210.55,313.63,113.43,High,High Profit
FARM1371,Rice,Maharashtra,Rabi,1.68,Alluvial,Sprinkler,22.31,37.48,Quintal,3027.51,11241.93,16777.23,3741.02,5253.36,2617.98,INR_per_Quintal,40041.05,98121.89,58080.84,59.19,145.05,1068.33,15.29,Medium,Moderate Profit
FARM1372,Onion,Madhya Pradesh,Kharif,5.05,Black Soil,Drip,79.67,402.33,Quintal,25104.54,49397.58,70709.77,27210.95,22151.8,2659.75,INR_per_Quintal,194574.64,1070097.22,875522.58,81.82,449.97,483.62,73.16,High,High Profit
FARM1373,Chilli,Tamil Nadu,Zaid,2.96,Red Soil,Rainfed,15.7,46.47,Quintal,10199.98,20715.91,29631.31,11601.42,9762.16,9506.64,INR_per_Quintal,81910.78,441773.56,359862.78,81.46,439.34,1762.66,8.62,Medium,High Profit
FARM1374,Cotton,Maharashtra,Rabi,5.93,Sandy,Rainfed,15.1,89.54,Quintal,13107.65,43356.93,51831.0,19544.41,20494.49,7779.42,INR_per_Quintal,148334.48,696569.27,548234.79,78.7,369.59,1656.63,19.07,Medium,High Profit
FARM1375,Wheat,Tamil Nadu,Kharif,7.95,Loamy,Borewell,27.98,222.44,Quintal,9742.04,47791.38,49723.79,17441.66,21996.03,1973.64,INR_per_Quintal,146694.9,439016.48,292321.58,66.59,199.27,659.48,74.33,Medium,High Profit
FARM1376,Sugarcane,Tamil Nadu,Rabi,4.61,Clay,Drip,80.11,369.31,Quintal,17822.14,53538.92,75464.98,33140.56,18761.21,2599.27,INR_per_Quintal,198727.81,959936.4,761208.59,79.3,383.04,538.11,76.46,Medium,High Profit
FARM1377,Sugarcane,Maharashtra,Kharif,4.94,Red Soil,Borewell,82.15,405.82,Quintal,27533.44,47633.3,57884.3,25745.78,28070.02,3634.18,INR_per_Quintal,186866.84,1474822.93,1287956.09,87.33,689.24,460.47,51.42,Medium,High Profit
FARM1378,Potato,Karnataka,Zaid,8.33,Black Soil,Sprinkler,125.15,1042.5,Quintal,71783.2,88643.99,98003.28,32973.0,23174.74,1925.06,INR_per_Quintal,314578.21,2006875.05,1692296.84,84.32,537.96,301.75,163.41,Medium,High Profit
FARM1379,Rice,Madhya Pradesh,Kharif,2.56,Black Soil,Canal,30.6,78.34,Quintal,4167.3,20449.97,32761.79,6386.0,5093.52,2779.52,INR_per_Quintal,68858.58,217747.6,148889.02,68.38,216.22,878.97,24.77,Medium,Moderate Profit
FARM1380,Tomato,Telangana,Zaid,3.81,Black Soil,Borewell,98.4,374.9,Quintal,16987.01,26946.8,48980.74,23303.54,11274.14,1149.0,INR_per_Quintal,127492.23,430760.1,303267.87,70.4,237.87,340.07,110.96,High,High Profit
FARM1381,Sugarcane,Karnataka,Rabi,11.76,Black Soil,Borewell,71.16,836.84,Quintal,50735.43,141015.42,109681.81,98890.82,40101.49,3066.87,INR_per_Quintal,440424.97,2566479.49,2126054.52,82.84,482.73,526.3,143.61,High,High Profit
FARM1382,Cotton,Andhra Pradesh,Zaid,2.8,Sandy,Sprinkler,15.36,43.01,Quintal,5938.37,26982.32,32895.41,5276.46,12297.16,7135.48,INR_per_Quintal,83389.72,306896.99,223507.27,72.83,268.03,1938.84,11.69,Medium,High Profit
FARM1383,Chilli,Karnataka,Rabi,6.38,Sandy,Drip,15.23,97.17,Quintal,31112.85,64354.73,110696.47,21836.84,19212.81,12070.98,INR_per_Quintal,247213.7,1172937.13,925723.43,78.92,374.46,2544.14,20.48,Medium,High Profit
FARM1384,Potato,Karnataka,Rabi,2.01,Sandy,Rainfed,85.95,172.76,Quintal,16577.48,20287.95,25949.25,11782.33,5086.22,1234.9,INR_per_Quintal,79683.23,213341.32,133658.09,62.65,167.74,461.24,64.53,Medium,Moderate Profit
FARM1385,Potato,Andhra Pradesh,Rabi,5.9,Loamy,Drip,71.17,419.9,Quintal,51487.08,51046.79,49713.21,28088.82,14931.24,1795.39,INR_per_Quintal,195267.14,753884.26,558617.12,74.1,286.08,465.03,108.76,Medium,High Profit
FARM1386,Wheat,Andhra Pradesh,Kharif,9.14,Loamy,Drip,25.72,235.08,Quintal,12930.4,44221.05,74608.5,14860.36,32377.04,2318.58,INR_per_Quintal,178997.35,545051.79,366054.44,67.16,204.5,761.43,77.2,Medium,High Profit
FARM1387,Chilli,Madhya Pradesh,Kharif,5.96,Black Soil,Borewell,13.73,81.83,Quintal,14904.68,45673.82,73280.63,24950.71,26759.38,10629.63,INR_per_Quintal,185569.22,869822.62,684253.4,78.67,368.73,2267.74,17.46,High,High Profit
FARM1388,Cotton,Karnataka,Zaid,8.3,Black Soil,Sprinkler,11.4,94.62,Quintal,19261.32,50776.42,83325.42,18776.7,26297.99,6808.97,INR_per_Quintal,198437.85,644264.74,445826.89,69.2,224.67,2097.21,29.14,Medium,High Profit
FARM1389,Cotton,Madhya Pradesh,Zaid,4.99,Sandy,Sprinkler,9.34,46.61,Quintal,9840.0,43342.82,58605.97,13389.18,10466.19,7628.82,INR_per_Quintal,135644.16,355579.3,219935.14,61.85,162.14,2910.19,17.78,Medium,High Profit
FARM1390,Wheat,Uttar Pradesh,Rabi,2.6,Black Soil,Canal,20.95,54.47,Quintal,3185.94,20602.23,16982.5,4930.53,9259.6,2336.97,INR_per_Quintal,54960.8,127294.76,72333.96,56.82,131.61,1009.01,23.52,Medium,Moderate Profit
FARM1391,Onion,Maharashtra,Rabi,10.24,Red Soil,Drip,103.74,1062.3,Quintal,35872.32,100444.97,116705.61,47047.82,36982.45,1985.11,INR_per_Quintal,337053.17,2108782.35,1771729.18,84.02,525.65,317.29,169.79,High,High Profit
FARM1392,Tomato,Tamil Nadu,Kharif,8.38,Sandy,Canal,103.03,863.39,Quintal,24639.24,85259.74,172192.63,35288.34,31694.49,923.48,INR_per_Quintal,349074.44,797323.4,448248.96,56.22,128.41,404.31,378.0,High,High Profit
FARM1393,Tomato,Maharashtra,Kharif,2.92,Loamy,Borewell,154.62,451.49,Quintal,8440.01,21585.18,60008.51,10489.03,7836.84,1166.12,INR_per_Quintal,108359.57,526491.52,418131.95,79.42,385.87,240.0,92.92,Medium,High Profit
FARM1394,Chilli,Maharashtra,Kharif,8.44,Sandy,Rainfed,15.52,130.99,Quintal,27943.57,80895.65,130401.52,36854.01,28150.62,10200.56,INR_per_Quintal,304245.37,1336171.35,1031925.98,77.23,339.18,2322.66,29.83,High,High Profit
FARM1395,Chilli,Maharashtra,Rabi,5.69,Clay,Rainfed,16.11,91.67,Quintal,23238.01,60179.18,72396.69,19067.55,17539.39,7165.3,INR_per_Quintal,192420.82,656843.05,464422.23,70.71,241.36,2099.06,26.85,High,High Profit
FARM1396,Onion,Andhra Pradesh,Rabi,11.01,Alluvial,Canal,90.14,992.44,Quintal,61954.71,58660.35,139684.99,38580.45,40686.29,2002.49,INR_per_Quintal,339566.79,1987351.18,1647784.39,82.91,485.26,342.15,169.57,High,High Profit
FARM1397,Chilli,Tamil Nadu,Rabi,1.76,Loamy,Borewell,12.28,21.61,Quintal,4445.75,15991.66,27480.02,6821.01,3566.81,10488.91,INR_per_Quintal,58305.25,226665.35,168360.1,74.28,288.76,2698.07,5.56,Medium,High Profit
FARM1398,Rice,Madhya Pradesh,Rabi,2.25,Sandy,Borewell,22.2,49.95,Quintal,3580.76,18305.81,28097.24,5909.02,7334.67,1866.15,INR_per_Quintal,63227.5,93214.19,29986.69,32.17,47.43,1265.82,33.88,Medium,Low Profit
FARM1399,Maize,Punjab,Kharif,10.72,Loamy,Borewell,28.01,300.27,Quintal,13815.3,63712.88,112251.58,36006.6,17441.44,2003.17,INR_per_Quintal,243227.8,601491.86,358264.06,59.56,147.3,810.03,121.42,Medium,High Profit
FARM1400,Wheat,Tamil Nadu,Zaid,3.31,Red Soil,Borewell,19.43,64.31,Quintal,4939.02,25814.96,22535.88,8600.31,8327.24,2619.18,INR_per_Quintal,70217.41,168439.47,98222.06,58.31,139.88,1091.86,26.81,Medium,Moderate Profit
FARM1401,Cotton,Maharashtra,Rabi,10.54,Clay,Sprinkler,11.44,120.58,Quintal,19244.18,66920.49,100785.77,40865.59,44357.66,6827.44,INR_per_Quintal,272173.69,823252.72,551079.03,66.94,202.47,2257.2,39.86,Medium,High Profit
FARM1402,Groundnut,Uttar Pradesh,Kharif,10.41,Alluvial,Borewell,12.91,134.39,Quintal,33852.81,44709.55,113906.71,17638.97,14538.21,5272.25,INR_per_Quintal,224646.25,708537.68,483891.43,68.29,215.4,1671.6,42.61,Medium,High Profit
FARM1403,Sugarcane,Andhra Pradesh,Zaid,1.63,Clay,Drip,76.94,125.41,Quintal,8500.64,14058.52,17255.81,14883.9,10142.48,3738.88,INR_per_Quintal,64841.35,468892.94,404051.59,86.17,623.14,517.03,17.34,Medium,High Profit
FARM1404,Rice,Uttar Pradesh,Zaid,1.75,Loamy,Rainfed,29.7,51.98,Quintal,3686.05,10841.06,15625.01,6562.64,5603.6,2221.58,INR_per_Quintal,42318.36,115477.73,73159.37,63.35,172.88,814.13,19.05,Medium,Moderate Profit
FARM1405,Sugarcane,Telangana,Zaid,7.74,Loamy,Drip,79.99,619.12,Quintal,39480.59,98503.24,125198.7,65018.36,23636.5,3348.37,INR_per_Quintal,351837.39,2073042.83,1721205.44,83.03,489.2,568.29,105.08,High,High Profit
FARM1406,Chilli,Tamil Nadu,Zaid,1.4,Red Soil,Sprinkler,15.64,21.9,Quintal,4000.04,11852.47,15620.04,2720.95,2822.47,7624.77,INR_per_Quintal,37015.97,166982.46,129966.49,77.83,351.11,1690.23,4.85,High,Moderate Profit
FARM1407,Cotton,Telangana,Zaid,6.17,Red Soil,Sprinkler,11.64,71.82,Quintal,18933.66,61740.64,92591.69,15150.82,19885.66,6789.94,INR_per_Quintal,208302.47,487653.49,279351.02,57.28,134.11,2900.34,30.68,Medium,High Profit
FARM1408,Potato,Andhra Pradesh,Rabi,7.04,Red Soil,Borewell,78.99,556.09,Quintal,59588.21,52272.29,90819.73,39264.13,29763.32,2175.92,INR_per_Quintal,271707.68,1210007.35,938299.67,77.54,345.33,488.6,124.87,Medium,High Profit
FARM1409,Cotton,Uttar Pradesh,Kharif,2.26,Alluvial,Borewell,15.72,35.53,Quintal,7553.7,21304.64,25242.33,6593.81,8232.31,7096.51,INR_per_Quintal,68926.79,252139.0,183212.21,72.66,265.81,1939.96,9.71,Medium,High Profit
FARM1410,Potato,Maharashtra,Rabi,10.13,Red Soil,Drip,116.02,1175.28,Quintal,79684.21,87301.72,135239.47,35970.3,25218.95,1329.46,INR_per_Quintal,363414.65,1562487.75,1199073.1,76.74,329.95,309.22,273.36,Medium,High Profit
FARM1411,Cotton,Tamil Nadu,Zaid,8.93,Black Soil,Rainfed,9.35,83.5,Quintal,19841.5,77038.53,128008.32,32251.02,23268.1,6160.26,INR_per_Quintal,280407.47,514381.71,233974.24,45.49,83.44,3358.17,45.52,Medium,High Profit
FARM1412,Groundnut,Madhya Pradesh,Zaid,2.06,Clay,Rainfed,14.7,30.28,Quintal,4873.55,10192.0,19373.15,4994.57,5769.15,4848.61,INR_per_Quintal,45202.42,146815.91,101613.49,69.21,224.8,1492.81,9.32,Medium,Moderate Profit
FARM1413,Potato,Maharashtra,Kharif,9.64,Clay,Canal,129.69,1250.21,Quintal,57888.72,59638.27,130778.51,43716.67,32816.26,1827.7,INR_per_Quintal,324838.43,2285008.82,1960170.39,85.78,603.43,259.83,177.73,Medium,High Profit
FARM1414,Tomato,Karnataka,Zaid,9.08,Clay,Borewell,107.73,978.19,Quintal,27129.77,88292.15,122334.78,31577.8,29233.33,1406.25,INR_per_Quintal,298567.83,1375579.69,1077011.86,78.3,360.73,305.22,212.31,High,High Profit
FARM1415,Rice,Andhra Pradesh,Zaid,4.09,Alluvial,Rainfed,21.12,86.38,Quintal,6922.32,21137.62,36090.1,8784.14,14752.24,2696.13,INR_per_Quintal,87686.42,232891.71,145205.29,62.35,165.6,1015.12,32.52,Medium,Moderate Profit
FARM1416,Groundnut,Uttar Pradesh,Rabi,6.7,Sandy,Rainfed,10.58,70.89,Quintal,18087.32,28233.48,73696.45,10416.01,9708.75,5183.39,INR_per_Quintal,140142.01,367450.52,227308.51,61.86,162.2,1976.89,27.04,Medium,High Profit
FARM1417,Maize,Uttar Pradesh,Zaid,7.99,Black Soil,Borewell,29.73,237.54,Quintal,8827.33,60541.01,53016.94,17427.06,22703.78,1895.87,INR_per_Quintal,162516.12,450344.96,287828.84,63.91,177.11,684.16,85.72,Medium,High Profit
FARM1418,Sugarcane,Telangana,Kharif,1.1,Black Soil,Borewell,65.58,72.14,Quintal,6103.35,14121.14,17621.59,5752.65,6865.05,3094.7,INR_per_Quintal,50463.78,223251.66,172787.88,77.4,342.4,699.53,16.31,High,High Profit
FARM1419,Rice,Andhra Pradesh,Kharif,5.33,Red Soil,Drip,27.18,144.87,Quintal,9563.74,29799.57,67759.27,10031.09,12552.53,2583.02,INR_per_Quintal,129706.2,374202.11,244495.91,65.34,188.5,895.33,50.21,High,High Profit
FARM1420,Tomato,Telangana,Kharif,4.82,Clay,Canal,116.64,562.2,Quintal,19774.83,43856.32,52554.41,27340.12,17820.58,925.26,INR_per_Quintal,161346.26,520181.17,358834.91,68.98,222.4,286.99,174.38,Medium,High Profit
FARM1421,Chilli,Telangana,Zaid,3.65,Loamy,Borewell,14.97,54.64,Quintal,12643.2,23330.82,50439.39,16379.76,16886.64,10829.93,INR_per_Quintal,119679.81,591747.38,472067.57,79.78,394.44,2190.33,11.05,Medium,High Profit
FARM1422,Tomato,Karnataka,Kharif,6.51,Alluvial,Canal,146.19,951.7,Quintal,22234.77,40178.71,94630.54,44268.9,29333.31,1251.13,INR_per_Quintal,230646.23,1190700.42,960054.19,80.63,416.25,242.35,184.35,Medium,High Profit
FARM1423,Chilli,Karnataka,Rabi,5.14,Sandy,Drip,14.27,73.35,Quintal,18702.87,33894.65,72589.96,11422.92,10996.53,12171.36,INR_per_Quintal,147606.93,892769.26,745162.33,83.47,504.83,2012.36,12.13,High,High Profit
FARM1424,Potato,Punjab,Rabi,10.43,Alluvial,Borewell,107.81,1124.46,Quintal,54597.59,73477.14,141705.5,53229.22,49653.24,1659.77,INR_per_Quintal,372662.69,1866344.97,1493682.28,80.03,400.81,331.41,224.53,Medium,High Profit
FARM1425,Wheat,Madhya Pradesh,Zaid,10.58,Clay,Sprinkler,16.62,175.84,Quintal,13700.01,64495.12,59483.01,16306.62,36892.45,2432.46,INR_per_Quintal,190877.21,427723.77,236846.56,55.37,124.08,1085.52,78.47,Medium,High Profit
FARM1426,Maize,Andhra Pradesh,Zaid,3.42,Alluvial,Canal,25.92,88.65,Quintal,5228.12,23309.01,25159.27,6194.88,6800.36,2488.43,INR_per_Quintal,66691.64,220599.32,153907.68,69.77,230.78,752.3,26.8,Medium,High Profit
FARM1427,Potato,Karnataka,Kharif,1.3,Alluvial,Rainfed,72.29,93.98,Quintal,10702.56,13564.24,15705.18,5084.3,2882.35,1356.74,INR_per_Quintal,47938.63,127506.43,79567.8,62.4,165.98,510.09,35.33,Medium,Moderate Profit
FARM1428,Onion,Madhya Pradesh,Zaid,6.35,Loamy,Sprinkler,72.3,459.1,Quintal,22469.72,37559.9,85642.4,27509.05,22160.08,2217.74,INR_per_Quintal,195341.15,1018164.43,822823.28,80.81,421.22,425.49,88.08,Medium,High Profit
FARM1429,Wheat,Andhra Pradesh,Zaid,3.11,Clay,Borewell,16.12,50.13,Quintal,5101.34,19094.45,19305.46,6833.46,9658.43,1775.83,INR_per_Quintal,59993.14,89022.36,29029.22,32.61,48.39,1196.75,33.78,Low,Low Profit
FARM1430,Chilli,Andhra Pradesh,Rabi,5.12,Sandy,Drip,13.61,69.68,Quintal,15331.42,52345.09,84564.24,15155.19,25248.78,7795.68,INR_per_Quintal,192644.72,543202.98,350558.26,64.54,181.97,2764.71,24.71,Medium,High Profit
FARM1431,Chilli,Andhra Pradesh,Rabi,1.93,Loamy,Sprinkler,11.63,22.45,Quintal,8504.89,15311.71,19659.58,7971.88,3476.17,11510.71,INR_per_Quintal,54924.23,258415.44,203491.21,78.75,370.49,2446.51,4.77,Medium,High Profit
FARM1432,Tomato,Tamil Nadu,Zaid,4.76,Alluvial,Drip,99.83,475.19,Quintal,13288.09,36770.89,84224.76,28086.2,17260.45,912.44,INR_per_Quintal,179630.39,433582.36,253951.97,58.57,141.37,378.02,196.87,Medium,High Profit
FARM1433,Tomato,Tamil Nadu,Kharif,3.01,Clay,Borewell,115.6,347.96,Quintal,8246.49,30661.37,52208.41,16857.96,16904.4,982.19,INR_per_Quintal,124878.63,341762.83,216884.2,63.46,173.68,358.89,127.14,High,High Profit
FARM1434,Potato,Tamil Nadu,Zaid,4.94,Alluvial,Sprinkler,88.74,438.38,Quintal,24777.97,52648.02,61822.59,22064.33,13441.62,1470.22,INR_per_Quintal,174754.53,644515.04,469760.51,72.89,268.81,398.64,118.86,Medium,High Profit
FARM1435,Onion,Punjab,Rabi,7.63,Loamy,Canal,86.83,662.51,Quintal,36427.7,53195.01,79542.05,30439.15,35839.4,2429.38,INR_per_Quintal,235443.31,1609488.54,1374045.23,85.37,583.6,355.38,96.91,High,High Profit
FARM1436,Rice,Maharashtra,Rabi,6.81,Sandy,Rainfed,26.64,181.42,Quintal,9959.89,51017.11,76793.94,24839.7,12531.63,2507.91,INR_per_Quintal,175142.27,454985.03,279842.76,61.51,159.78,965.4,69.84,Medium,High Profit
FARM1437,Potato,Telangana,Kharif,5.57,Sandy,Sprinkler,117.29,653.31,Quintal,49902.06,47509.87,61195.31,24818.68,12823.32,1335.75,INR_per_Quintal,196249.24,872658.83,676409.59,77.51,344.67,300.39,146.92,Medium,High Profit
FARM1438,Cotton,Karnataka,Zaid,4.19,Sandy,Drip,15.2,63.69,Quintal,11806.45,30328.85,38729.0,13576.22,16145.03,7166.08,INR_per_Quintal,110585.55,456407.64,345822.09,75.77,312.72,1736.31,15.43,Medium,High Profit
FARM1439,Chilli,Karnataka,Kharif,7.22,Red Soil,Rainfed,9.46,68.3,Quintal,26814.04,54568.73,94366.96,21451.51,30695.25,8662.85,INR_per_Quintal,227896.49,591672.66,363776.17,61.48,159.62,3336.7,26.31,High,High Profit
FARM1440,Maize,Tamil Nadu,Kharif,4.87,Alluvial,Drip,27.57,134.27,Quintal,7626.01,38377.19,29529.74,8190.63,15480.23,2308.23,INR_per_Quintal,99203.8,309926.04,210722.24,67.99,212.41,738.84,42.98,Medium,High Profit
FARM1441,Tomato,Karnataka,Zaid,7.78,Loamy,Rainfed,111.58,868.09,Quintal,26393.99,89284.84,163670.42,43595.57,22465.45,1065.87,INR_per_Quintal,345410.27,925271.09,579860.82,62.67,167.88,397.9,324.06,Medium,High Profit
FARM1442,Onion,Andhra Pradesh,Rabi,2.52,Loamy,Drip,102.35,257.92,Quintal,14876.14,13070.42,18205.89,10368.8,6545.75,2131.38,INR_per_Quintal,63067.0,549725.53,486658.53,88.53,771.65,244.52,29.59,Medium,High Profit
FARM1443,Cotton,Maharashtra,Zaid,3.31,Black Soil,Borewell,14.6,48.33,Quintal,7468.41,27309.63,28774.21,13452.84,11482.16,6014.01,INR_per_Quintal,88487.25,290657.1,202169.85,69.56,228.47,1830.9,14.71,Medium,High Profit
FARM1444,Potato,Maharashtra,Zaid,11.21,Loamy,Rainfed,120.98,1356.19,Quintal,84943.71,82890.16,165024.5,36045.5,35298.65,2141.88,INR_per_Quintal,404202.52,2904796.24,2500593.72,86.08,618.65,298.04,188.71,Medium,High Profit
FARM1445,Cotton,Maharashtra,Zaid,1.98,Alluvial,Drip,15.13,29.96,Quintal,4091.7,20254.9,30920.18,4380.3,7827.97,6693.83,INR_per_Quintal,67475.05,200547.15,133072.1,66.35,197.22,2252.17,10.08,Medium,Moderate Profit
FARM1446,Sugarcane,Andhra Pradesh,Zaid,7.6,Alluvial,Sprinkler,69.28,526.53,Quintal,30101.45,99402.21,103605.87,53315.85,25645.34,2978.05,INR_per_Quintal,312070.72,1568032.67,1255961.95,80.1,402.46,592.69,104.79,Medium,High Profit
FARM1447,Maize,Karnataka,Rabi,6.16,Alluvial,Sprinkler,33.24,204.76,Quintal,7089.67,50586.79,63067.22,22128.59,19944.64,1865.95,INR_per_Quintal,162816.91,382071.92,219255.01,57.39,134.66,795.16,87.26,Medium,High Profit
FARM1448,Tomato,Maharashtra,Rabi,11.5,Sandy,Borewell,122.22,1405.53,Quintal,50692.45,102506.15,152757.7,57494.56,44503.45,1755.81,INR_per_Quintal,407954.31,2467843.63,2059889.32,83.47,504.93,290.25,232.35,High,High Profit
FARM1449,Wheat,Madhya Pradesh,Rabi,6.72,Alluvial,Sprinkler,18.22,122.44,Quintal,7825.67,43255.93,57189.05,21922.86,9498.97,2151.82,INR_per_Quintal,139692.48,263468.84,123776.36,46.98,88.61,1140.91,64.92,Medium,Moderate Profit
FARM1450,Maize,Telangana,Rabi,3.25,Loamy,Sprinkler,35.27,114.63,Quintal,6083.97,25881.6,30935.63,6439.29,10498.47,2067.54,INR_per_Quintal,79838.96,237002.11,157163.15,66.31,196.85,696.49,38.62,Medium,High Profit
FARM1451,Chilli,Uttar Pradesh,Zaid,3.22,Loamy,Canal,9.26,29.82,Quintal,12889.02,31213.71,51966.89,7148.03,11026.89,7838.05,INR_per_Quintal,114244.54,233730.65,119486.11,51.12,104.59,3831.14,14.58,Medium,Moderate Profit
FARM1452,Groundnut,Tamil Nadu,Kharif,3.14,Clay,Borewell,19.62,61.61,Quintal,6782.77,12911.72,33131.16,7435.55,9416.51,5201.59,INR_per_Quintal,69677.71,320469.96,250792.25,78.26,359.93,1130.95,13.4,Medium,High Profit
FARM1453,Wheat,Telangana,Zaid,8.6,Black Soil,Rainfed,19.65,168.99,Quintal,9151.41,39377.82,47921.47,19693.94,20010.09,2600.93,INR_per_Quintal,136154.73,439531.16,303376.43,69.02,222.82,805.7,52.35,Medium,High Profit
FARM1454,Sugarcane,Uttar Pradesh,Rabi,2.2,Clay,Rainfed,75.59,166.3,Quintal,12398.82,25190.2,28510.17,21019.74,11952.44,3159.44,INR_per_Quintal,99071.37,525414.87,426343.5,81.14,430.34,595.74,31.36,Medium,High Profit
FARM1455,Rice,Punjab,Kharif,8.59,Loamy,Rainfed,24.56,210.97,Quintal,12844.74,52730.59,89643.7,20631.53,27215.17,2493.77,INR_per_Quintal,203065.73,526110.66,323044.93,61.4,159.08,962.53,81.43,Low,High Profit
FARM1456,Potato,Andhra Pradesh,Kharif,6.61,Black Soil,Borewell,83.5,551.94,Quintal,40099.05,60195.94,91498.88,22297.71,27268.46,2038.95,INR_per_Quintal,241360.04,1125378.06,884018.02,78.55,366.27,437.29,118.37,Medium,High Profit
FARM1457,Potato,Punjab,Zaid,7.25,Loamy,Borewell,71.13,515.69,Quintal,43407.57,58259.76,94677.63,29930.65,32787.92,1953.83,INR_per_Quintal,259063.53,1007570.59,748507.06,74.29,288.93,502.36,132.59,Medium,High Profit
FARM1458,Tomato,Telangana,Kharif,1.23,Black Soil,Rainfed,100.88,124.08,Quintal,3568.43,13637.35,12480.75,5864.53,5107.12,1623.87,INR_per_Quintal,40658.18,201489.79,160831.61,79.82,395.57,327.68,25.04,Medium,High Profit
FARM1459,Tomato,Telangana,Zaid,4.6,Clay,Drip,128.43,590.78,Quintal,22342.09,28887.45,78499.47,24386.51,25275.75,1419.81,INR_per_Quintal,179391.27,838795.35,659404.08,78.61,367.58,303.65,126.35,High,High Profit
FARM1460,Wheat,Telangana,Rabi,6.16,Loamy,Borewell,23.31,143.59,Quintal,8371.05,28625.78,37563.21,13458.8,22029.65,2384.39,INR_per_Quintal,110048.49,342374.56,232326.07,67.86,211.11,766.41,46.15,Medium,High Profit
FARM1461,Maize,Madhya Pradesh,Kharif,11.92,Loamy,Sprinkler,32.68,389.55,Quintal,13965.92,66194.75,101586.92,32332.32,34976.93,1620.33,INR_per_Quintal,249056.84,631199.55,382142.71,60.54,153.44,639.34,153.71,Low,High Profit
FARM1462,Chilli,Telangana,Zaid,6.7,Sandy,Sprinkler,15.21,101.91,Quintal,21439.63,69126.98,74789.16,27253.33,13480.88,10318.67,INR_per_Quintal,206089.98,1051575.66,845485.68,80.4,410.25,2022.27,19.97,High,High Profit
FARM1463,Sugarcane,Maharashtra,Zaid,2.59,Loamy,Borewell,80.95,209.66,Quintal,9829.87,35996.09,32389.05,21889.79,12763.71,3137.55,INR_per_Quintal,112868.51,657818.73,544950.22,82.84,482.82,538.34,35.97,Medium,High Profit
FARM1464,Groundnut,Punjab,Kharif,8.1,Clay,Borewell,14.33,116.07,Quintal,25012.35,61362.99,95249.46,25445.92,19126.94,5979.81,INR_per_Quintal,226197.66,694076.55,467878.89,67.41,206.85,1948.8,37.83,High,High Profit
FARM1465,Groundnut,Telangana,Kharif,11.63,Black Soil,Borewell,18.64,216.78,Quintal,34634.81,63964.46,125837.73,40693.79,21847.76,5442.96,INR_per_Quintal,286978.55,1179924.87,892946.32,75.68,311.15,1323.82,52.72,Medium,High Profit
FARM1466,Rice,Telangana,Zaid,2.26,Loamy,Sprinkler,20.25,45.76,Quintal,3211.72,12281.66,15979.89,7624.0,4839.88,2050.01,INR_per_Quintal,43937.15,93808.46,49871.31,53.16,113.51,960.16,21.43,Medium,Low Profit
FARM1467,Wheat,Madhya Pradesh,Zaid,2.38,Black Soil,Sprinkler,21.23,50.53,Quintal,3919.38,12986.92,11934.17,5606.87,3159.63,1978.69,INR_per_Quintal,37606.97,99983.21,62376.24,62.39,165.86,744.25,19.01,Medium,Moderate Profit
FARM1468,Groundnut,Maharashtra,Rabi,3.22,Clay,Borewell,16.19,52.13,Quintal,10133.96,15893.14,21677.96,9353.78,8650.7,6829.85,INR_per_Quintal,65709.54,356040.08,290330.54,81.54,441.84,1260.49,9.62,Medium,High Profit
FARM1469,Potato,Maharashtra,Rabi,7.91,Loamy,Sprinkler,73.45,580.99,Quintal,49402.15,73589.06,117968.81,38308.75,25452.45,1348.27,INR_per_Quintal,304721.22,783331.39,478610.17,61.1,157.06,524.49,226.01,Medium,High Profit
FARM1470,Groundnut,Telangana,Rabi,11.55,Clay,Borewell,14.1,162.86,Quintal,37471.61,56033.22,118893.11,35948.7,25859.16,6122.4,INR_per_Quintal,274205.8,997094.06,722888.26,72.5,263.63,1683.69,44.79,High,High Profit
FARM1471,Tomato,Uttar Pradesh,Rabi,5.79,Loamy,Drip,130.92,758.03,Quintal,14997.01,50627.93,103793.76,37929.39,27834.6,1413.59,INR_per_Quintal,235182.69,1071543.63,836360.94,78.05,355.62,310.26,166.37,Medium,High Profit
FARM1472,Chilli,Tamil Nadu,Rabi,10.75,Black Soil,Canal,12.76,137.17,Quintal,48862.77,91098.4,123785.82,29303.27,24404.15,7980.82,INR_per_Quintal,317454.41,1094729.08,777274.67,71.0,244.85,2314.31,39.78,High,High Profit
FARM1473,Sugarcane,Punjab,Zaid,2.35,Black Soil,Drip,69.23,162.69,Quintal,11785.12,21018.56,24058.81,21812.1,9165.13,2989.28,INR_per_Quintal,87839.72,486325.96,398486.24,81.94,453.65,539.92,29.38,High,High Profit
FARM1474,Potato,Maharashtra,Rabi,10.25,Black Soil,Borewell,96.52,989.33,Quintal,56551.68,85318.09,103684.48,26865.26,27790.63,1548.1,INR_per_Quintal,300210.14,1531581.77,1231371.63,80.4,410.17,303.45,193.92,Medium,High Profit
FARM1475,Potato,Andhra Pradesh,Zaid,9.76,Loamy,Borewell,77.98,761.08,Quintal,79739.65,73686.8,115056.33,36770.11,19699.52,1242.98,INR_per_Quintal,324952.41,946007.22,621054.81,65.65,191.12,426.96,261.43,Low,High Profit
FARM1476,Groundnut,Tamil Nadu,Kharif,6.01,Black Soil,Borewell,10.17,61.12,Quintal,20115.24,33420.71,38998.31,18615.72,17450.36,5522.14,INR_per_Quintal,128600.34,337513.2,208912.86,61.9,162.45,2104.06,23.29,Medium,High Profit
FARM1477,Groundnut,Madhya Pradesh,Zaid,8.46,Black Soil,Rainfed,13.05,110.4,Quintal,27017.62,45444.45,68450.15,22554.17,17228.24,6542.0,INR_per_Quintal,180694.63,722236.8,541542.17,74.98,299.7,1636.73,27.62,Medium,High Profit
FARM1478,Cotton,Telangana,Kharif,5.34,Alluvial,Canal,11.55,61.68,Quintal,13099.26,48861.59,45319.38,19060.91,18202.55,7097.98,INR_per_Quintal,144543.69,437803.41,293259.72,66.98,202.89,2343.45,20.36,Medium,High Profit
FARM1479,Cotton,Punjab,Rabi,4.6,Alluvial,Sprinkler,15.33,70.52,Quintal,14322.46,31970.94,57250.21,10243.62,13338.07,7173.84,INR_per_Quintal,127125.3,505899.2,378773.9,74.87,297.95,1802.68,17.72,Low,High Profit
FARM1480,Cotton,Maharashtra,Kharif,10.73,Clay,Borewell,13.26,142.28,Quintal,33689.24,74131.62,110372.43,29108.68,23171.55,7732.18,INR_per_Quintal,270473.52,1100134.57,829661.05,75.41,306.74,1900.99,34.98,Medium,High Profit
FARM1481,Wheat,Maharashtra,Kharif,11.66,Loamy,Borewell,23.9,278.67,Quintal,11971.58,77783.66,90850.57,17839.23,39467.5,2642.73,INR_per_Quintal,237912.54,736449.57,498537.03,67.69,209.55,853.74,90.03,Low,High Profit
FARM1482,Maize,Andhra Pradesh,Kharif,11.71,Sandy,Canal,22.92,268.39,Quintal,23225.38,105791.44,107879.87,44255.78,36149.23,1698.48,INR_per_Quintal,317301.7,455855.05,138553.35,30.39,43.67,1182.24,186.82,Medium,Moderate Profit
FARM1483,Groundnut,Telangana,Kharif,11.49,Sandy,Canal,19.96,229.34,Quintal,28646.99,50886.58,92167.74,22597.88,21342.64,5699.87,INR_per_Quintal,215641.83,1307208.19,1091566.36,83.5,506.19,940.27,37.83,Medium,High Profit
FARM1484,Rice,Madhya Pradesh,Rabi,4.57,Clay,Canal,23.11,105.61,Quintal,8059.1,35071.67,50136.58,12628.68,11506.75,1900.16,INR_per_Quintal,117402.78,200675.9,83273.12,41.5,70.93,1111.66,61.79,Medium,Moderate Profit
FARM1485,Potato,Punjab,Zaid,2.2,Red Soil,Canal,73.16,160.95,Quintal,19248.34,24138.9,22890.43,7535.32,7921.67,1713.51,INR_per_Quintal,81734.66,275789.43,194054.77,70.36,237.42,507.83,47.7,Medium,High Profit
FARM1486,Maize,Tamil Nadu,Kharif,2.7,Red Soil,Drip,36.67,99.01,Quintal,5258.18,17874.65,22038.99,8452.95,5787.69,1650.46,INR_per_Quintal,59412.46,163412.04,103999.58,63.64,175.05,600.07,36.0,Medium,Moderate Profit
FARM1487,Onion,Tamil Nadu,Zaid,11.86,Loamy,Drip,82.4,977.26,Quintal,67834.71,103759.07,167059.5,44150.34,45804.11,2125.62,INR_per_Quintal,428607.73,2077283.4,1648675.67,79.37,384.66,438.58,201.64,Medium,High Profit
FARM1488,Potato,Andhra Pradesh,Rabi,5.62,Alluvial,Canal,87.8,493.44,Quintal,35045.64,62443.7,50196.85,28272.81,20170.67,1604.98,INR_per_Quintal,196129.67,791961.33,595831.66,75.23,303.79,397.47,122.2,Medium,High Profit
FARM1489,Onion,Punjab,Rabi,1.75,Alluvial,Rainfed,78.06,136.61,Quintal,9257.05,12098.01,23084.54,8806.65,6525.06,1913.75,INR_per_Quintal,59771.31,261437.39,201666.08,77.14,337.4,437.53,31.23,Medium,High Profit
FARM1490,Groundnut,Punjab,Rabi,11.64,Loamy,Drip,16.72,194.62,Quintal,31836.14,61419.82,133333.23,25766.13,19094.46,5403.67,INR_per_Quintal,271449.78,1051662.26,780212.48,74.19,287.42,1394.77,50.23,Medium,High Profit
FARM1491,Chilli,Uttar Pradesh,Rabi,6.92,Black Soil,Borewell,9.87,68.3,Quintal,23555.16,49716.31,121521.97,22941.79,14037.5,10482.75,INR_per_Quintal,231772.73,715971.82,484199.09,67.63,208.91,3393.45,22.11,High,High Profit
FARM1492,Chilli,Tamil Nadu,Rabi,11.62,Black Soil,Sprinkler,15.48,179.88,Quintal,30634.49,70021.06,110620.96,24930.05,28999.59,10384.01,INR_per_Quintal,265206.15,1867875.72,1602669.57,85.8,604.31,1474.35,25.54,Medium,High Profit
FARM1493,Potato,Karnataka,Zaid,10.22,Black Soil,Borewell,109.88,1122.97,Quintal,81480.03,110471.94,120486.73,44457.11,44003.38,2183.75,INR_per_Quintal,400899.19,2452285.74,2051386.55,83.65,511.7,357.0,183.58,Medium,High Profit
FARM1494,Groundnut,Uttar Pradesh,Zaid,1.81,Sandy,Rainfed,10.04,18.17,Quintal,4432.0,7412.84,11152.52,4718.21,5386.71,5681.69,INR_per_Quintal,33102.28,103236.31,70134.03,67.94,211.87,1821.81,5.83,Low,Moderate Profit
FARM1495,Chilli,Telangana,Rabi,2.11,Clay,Canal,13.41,28.3,Quintal,10020.88,12892.5,23337.45,4993.91,4630.86,8477.44,INR_per_Quintal,55875.6,239911.55,184035.95,76.71,329.37,1974.4,6.59,High,High Profit
FARM1496,Onion,Maharashtra,Kharif,11.19,Sandy,Borewell,71.84,803.89,Quintal,71457.9,109518.87,112519.38,40734.63,39048.2,1234.56,INR_per_Quintal,373278.98,992450.44,619171.46,62.39,165.87,464.34,302.36,High,High Profit
FARM1497,Chilli,Karnataka,Rabi,2.38,Alluvial,Sprinkler,12.27,29.2,Quintal,8369.49,16309.39,21684.24,6040.5,4681.31,7857.11,INR_per_Quintal,57084.93,229427.61,172342.68,75.12,301.91,1954.96,7.27,High,High Profit
FARM1498,Potato,Tamil Nadu,Rabi,11.42,Alluvial,Canal,114.7,1309.87,Quintal,81302.61,112519.57,122131.21,37652.83,56126.73,1350.25,INR_per_Quintal,409732.95,1768651.97,1358919.02,76.83,331.66,312.8,303.45,Medium,High Profit
FARM1499,Cotton,Uttar Pradesh,Zaid,3.29,Clay,Canal,14.37,47.28,Quintal,6935.0,25654.68,38949.51,11018.89,13905.31,6960.48,INR_per_Quintal,96463.39,329091.49,232628.1,70.69,241.16,2040.26,13.86,Low,High Profit
FARM1500,Cotton,Maharashtra,Zaid,3.58,Black Soil,Drip,10.8,38.66,Quintal,8090.38,22281.37,47010.21,11936.12,10125.97,6201.8,INR_per_Quintal,99444.05,239761.59,140317.54,58.52,141.1,2572.27,16.03,Medium,Moderate Profit
FARM1501,Potato,Uttar Pradesh,Zaid,6.84,Red Soil,Canal,120.59,824.84,Quintal,40489.72,63171.95,69721.8,17262.35,32949.18,1654.89,INR_per_Quintal,223595.0,1365019.47,1141424.47,83.62,510.49,271.08,135.11,Medium,High Profit
FARM1502,Sugarcane,Maharashtra,Rabi,10.36,Sandy,Sprinkler,72.18,747.78,Quintal,44273.72,124948.29,104509.14,63855.49,51694.5,2875.86,INR_per_Quintal,389281.14,2150510.59,1761229.45,81.9,452.43,520.58,135.36,Medium,High Profit
FARM1503,Cotton,Madhya Pradesh,Zaid,9.42,Loamy,Drip,9.07,85.44,Quintal,29187.54,90822.88,120643.16,31160.41,38567.61,7027.99,INR_per_Quintal,310381.6,600471.47,290089.87,48.31,93.46,3632.74,44.16,Medium,High Profit
FARM1504,Potato,Karnataka,Zaid,10.41,Black Soil,Rainfed,76.54,796.78,Quintal,75814.89,103998.12,150463.18,41233.55,38916.93,1764.61,INR_per_Quintal,410426.67,1406005.96,995579.29,70.81,242.57,515.11,232.59,Medium,High Profit
FARM1505,Sugarcane,Tamil Nadu,Kharif,6.54,Sandy,Canal,74.09,484.55,Quintal,28749.79,52310.07,64902.22,64519.08,39519.38,3662.28,INR_per_Quintal,250000.54,1774557.77,1524557.23,85.91,609.82,515.94,68.26,Medium,High Profit
FARM1506,Cotton,Karnataka,Kharif,1.74,Alluvial,Canal,10.61,18.46,Quintal,5080.85,15438.67,17690.41,5734.05,5972.24,5801.72,INR_per_Quintal,49916.22,107099.75,57183.53,53.39,114.56,2704.02,8.6,Medium,Moderate Profit
FARM1507,Maize,Maharashtra,Zaid,8.62,Alluvial,Sprinkler,25.61,220.76,Quintal,13848.08,58706.33,71223.72,14560.55,14499.12,1790.2,INR_per_Quintal,172837.8,395204.55,222366.75,56.27,128.66,782.92,96.55,Medium,High Profit
FARM1508,Potato,Punjab,Zaid,8.25,Loamy,Borewell,110.3,909.98,Quintal,50330.4,56887.62,71864.26,26346.32,28446.19,1988.72,INR_per_Quintal,233874.79,1809695.43,1575820.64,87.08,673.79,257.01,117.6,Medium,High Profit
FARM1509,Maize,Punjab,Kharif,3.11,Loamy,Canal,37.8,117.56,Quintal,3721.95,20967.52,26855.14,10326.07,7110.89,1719.5,INR_per_Quintal,68981.57,202144.42,133162.85,65.88,193.04,586.78,40.12,Medium,Moderate Profit
FARM1510,Maize,Punjab,Zaid,8.74,Black Soil,Rainfed,29.19,255.12,Quintal,15616.25,67335.41,71745.5,23866.01,27771.39,2135.76,INR_per_Quintal,206334.56,544875.09,338540.53,62.13,164.07,808.77,96.61,Low,High Profit
FARM1511,Tomato,Andhra Pradesh,Kharif,5.93,Sandy,Drip,152.64,905.16,Quintal,27930.19,64992.82,98202.05,18321.46,28057.23,1374.53,INR_per_Quintal,237503.75,1244169.57,1006665.82,80.91,423.85,262.39,172.79,Medium,High Profit
FARM1512,Chilli,Telangana,Kharif,4.94,Red Soil,Rainfed,17.18,84.87,Quintal,21116.8,48334.02,61906.85,17651.79,17056.97,6660.88,INR_per_Quintal,166066.43,565308.89,399242.46,70.62,240.41,1956.72,24.93,Medium,High Profit
FARM1513,Rice,Tamil Nadu,Kharif,2.74,Red Soil,Sprinkler,19.86,54.42,Quintal,5472.91,14979.24,30194.53,6060.63,6633.43,2798.67,INR_per_Quintal,63340.74,152303.62,88962.88,58.41,140.45,1163.92,22.63,Low,Moderate Profit
FARM1514,Wheat,Andhra Pradesh,Rabi,8.11,Loamy,Rainfed,23.45,190.18,Quintal,11070.55,55220.37,76195.25,19904.0,20022.84,2716.46,INR_per_Quintal,182413.01,516616.36,334203.35,64.69,183.21,959.16,67.15,Medium,High Profit
FARM1515,Onion,Karnataka,Zaid,2.39,Red Soil,Drip,80.54,192.49,Quintal,12796.13,15671.08,20028.43,13247.26,11194.79,1554.81,INR_per_Quintal,72937.69,299285.38,226347.69,75.63,310.33,378.92,46.91,Medium,High Profit
FARM1516,Rice,Maharashtra,Zaid,5.32,Sandy,Rainfed,27.06,143.96,Quintal,7856.54,35672.8,45117.87,19941.52,12783.61,2530.42,INR_per_Quintal,121372.34,364279.26,242906.92,66.68,200.13,843.1,47.97,Medium,High Profit
FARM1517,Chilli,Tamil Nadu,Zaid,8.07,Clay,Drip,12.04,97.16,Quintal,25925.94,83844.35,76584.01,21369.42,28134.77,11638.91,INR_per_Quintal,235858.49,1130836.5,894978.01,79.14,379.46,2427.53,20.26,Medium,High Profit
FARM1518,Wheat,Tamil Nadu,Rabi,1.41,Red Soil,Drip,27.76,39.14,Quintal,2209.1,7042.12,8996.72,3964.64,3648.67,2227.56,INR_per_Quintal,25861.25,87186.7,61325.45,70.34,237.13,660.74,11.61,Medium,Moderate Profit
FARM1519,Sugarcane,Maharashtra,Kharif,2.01,Loamy,Sprinkler,60.93,122.47,Quintal,11685.38,19676.48,31602.69,15439.17,10813.34,3939.45,INR_per_Quintal,89217.06,482464.44,393247.38,81.51,440.78,728.48,22.65,Medium,High Profit
FARM1520,Rice,Telangana,Rabi,11.53,Loamy,Canal,22.73,262.08,Quintal,14558.98,62008.84,144442.77,34690.32,21796.79,2327.76,INR_per_Quintal,277497.7,610059.34,332561.64,54.51,119.84,1058.83,119.21,Medium,High Profit
FARM1521,Wheat,Tamil Nadu,Kharif,9.12,Red Soil,Drip,26.27,239.58,Quintal,11450.44,72955.56,80681.92,23481.3,18263.78,2549.4,INR_per_Quintal,206833.0,610785.25,403952.25,66.14,195.3,863.31,81.13,Medium,High Profit
FARM1522,Rice,Telangana,Zaid,11.55,Loamy,Canal,24.76,285.98,Quintal,14959.07,88022.47,134064.96,42021.79,24600.71,2549.34,INR_per_Quintal,303669.0,729060.25,425391.25,58.35,140.08,1061.85,119.12,Medium,High Profit
FARM1523,Groundnut,Punjab,Kharif,4.11,Sandy,Canal,14.96,61.49,Quintal,14333.66,19193.73,39440.66,13800.89,11431.78,5892.8,INR_per_Quintal,98200.72,362348.27,264147.55,72.9,268.99,1597.02,16.66,Medium,High Profit
FARM1524,Sugarcane,Maharashtra,Rabi,1.98,Clay,Sprinkler,65.5,129.69,Quintal,10464.02,17670.37,18586.14,16373.49,9400.85,3961.75,INR_per_Quintal,72494.87,513799.36,441304.49,85.89,608.74,558.99,18.3,Medium,High Profit
FARM1525,Tomato,Maharashtra,Kharif,5.6,Black Soil,Drip,128.25,718.2,Quintal,24236.29,60715.24,63627.75,31429.99,24233.93,1776.5,INR_per_Quintal,204243.2,1275882.3,1071639.1,83.99,524.69,284.38,114.97,Medium,High Profit
FARM1526,Chilli,Karnataka,Zaid,1.04,Clay,Sprinkler,9.86,10.25,Quintal,4716.32,8078.07,13673.62,2959.56,3336.04,9216.74,INR_per_Quintal,32763.61,94471.58,61707.97,65.32,188.34,3196.45,3.55,Medium,Moderate Profit
FARM1527,Cotton,Andhra Pradesh,Rabi,10.99,Loamy,Drip,13.58,149.24,Quintal,25267.17,109373.22,111159.16,20362.11,27380.5,7318.89,INR_per_Quintal,293542.16,1092271.14,798728.98,73.13,272.1,1966.91,40.11,Medium,High Profit
FARM1528,Onion,Punjab,Zaid,9.18,Alluvial,Sprinkler,89.49,821.52,Quintal,52300.17,54539.54,96851.98,40060.19,34755.72,1234.13,INR_per_Quintal,278507.6,1013862.48,735354.88,72.53,264.03,339.01,225.67,Medium,High Profit
FARM1529,Potato,Andhra Pradesh,Rabi,7.42,Alluvial,Borewell,107.15,795.05,Quintal,58360.88,62487.88,103606.21,36013.18,21614.43,1319.3,INR_per_Quintal,282082.58,1048909.46,766826.88,73.11,271.84,354.8,213.81,Medium,High Profit
FARM1530,Wheat,Punjab,Kharif,3.08,Alluvial,Sprinkler,25.37,78.14,Quintal,3504.71,15055.59,16741.79,7030.28,4312.6,2446.32,INR_per_Quintal,46644.97,191155.44,144510.47,75.6,309.81,596.94,19.07,Medium,Moderate Profit
FARM1531,Tomato,Andhra Pradesh,Rabi,10.05,Red Soil,Sprinkler,88.91,893.55,Quintal,41416.2,119160.44,166925.0,42424.91,43836.29,1702.93,INR_per_Quintal,413762.84,1521653.1,1107890.26,72.81,267.76,463.06,242.97,High,High Profit
FARM1532,Rice,Andhra Pradesh,Rabi,10.73,Clay,Borewell,21.73,233.16,Quintal,16085.76,67288.71,139272.02,40403.03,41817.22,2582.72,INR_per_Quintal,304866.74,602187.0,297320.26,49.37,97.52,1307.54,118.04,Low,High Profit
FARM1533,Chilli,Madhya Pradesh,Zaid,1.4,Loamy,Canal,14.62,20.47,Quintal,6824.73,8766.05,17126.91,2552.94,6362.49,12311.52,INR_per_Quintal,41633.12,252016.81,210383.69,83.48,505.33,2033.86,3.38,Medium,High Profit
FARM1534,Maize,Telangana,Rabi,10.32,Black Soil,Drip,34.57,356.76,Quintal,20616.17,80299.28,78806.55,24938.08,37510.39,1740.2,INR_per_Quintal,242170.47,620833.75,378663.28,60.99,156.36,678.8,139.16,Medium,High Profit
FARM1535,Chilli,Uttar Pradesh,Zaid,4.29,Sandy,Borewell,14.5,62.2,Quintal,21284.03,36144.64,60766.87,18115.68,20015.38,11195.56,INR_per_Quintal,156326.6,696363.83,540037.23,77.55,345.45,2513.29,13.96,High,High Profit
FARM1536,Potato,Madhya Pradesh,Kharif,9.16,Sandy,Borewell,94.92,869.47,Quintal,56564.11,88441.42,117336.56,49976.47,25095.26,1722.11,INR_per_Quintal,337413.82,1497322.98,1159909.16,77.47,343.76,388.07,195.93,Medium,High Profit
FARM1537,Cotton,Andhra Pradesh,Kharif,11.42,Sandy,Borewell,17.02,194.37,Quintal,30435.28,109668.04,172390.03,38346.43,26459.06,6078.84,INR_per_Quintal,377298.84,1181544.13,804245.29,68.07,213.16,1941.14,62.07,Medium,High Profit
FARM1538,Cotton,Karnataka,Zaid,1.34,Black Soil,Rainfed,11.24,15.06,Quintal,2557.29,10619.5,14119.64,4945.53,5377.97,6808.2,INR_per_Quintal,37619.93,102531.49,64911.56,63.31,172.55,2498.0,5.53,Low,Moderate Profit
FARM1539,Chilli,Madhya Pradesh,Kharif,3.36,Sandy,Borewell,15.62,52.48,Quintal,9596.06,29085.59,43022.7,15042.76,12653.54,11694.51,INR_per_Quintal,109400.65,613727.88,504327.23,82.17,460.99,2084.62,9.35,Medium,High Profit
FARM1540,Cotton,Maharashtra,Rabi,7.96,Sandy,Canal,17.48,139.14,Quintal,20660.88,71438.44,80578.54,35038.93,37301.09,7653.21,INR_per_Quintal,245017.88,1064867.64,819849.76,76.99,334.61,1760.94,32.02,Medium,High Profit
FARM1541,Groundnut,Telangana,Zaid,1.26,Clay,Sprinkler,17.88,22.53,Quintal,3057.59,5179.87,10763.85,2919.05,2021.83,5996.14,INR_per_Quintal,23942.19,135093.03,111150.84,82.28,464.25,1062.68,3.99,Medium,Moderate Profit
FARM1542,Cotton,Tamil Nadu,Kharif,10.13,Black Soil,Drip,13.78,139.59,Quintal,27749.39,93312.38,115678.52,32168.64,24844.81,5940.1,INR_per_Quintal,293753.74,829178.56,535424.82,64.57,182.27,2104.4,49.45,Low,High Profit
FARM1543,Rice,Uttar Pradesh,Rabi,9.57,Alluvial,Canal,23.51,224.99,Quintal,16651.02,78334.38,118512.79,26443.22,20036.45,1798.62,INR_per_Quintal,259977.86,404671.51,144693.65,35.76,55.66,1155.51,144.54,High,Moderate Profit
FARM1544,Cotton,Tamil Nadu,Rabi,2.3,Loamy,Sprinkler,13.63,31.35,Quintal,5447.46,16570.64,33549.27,6603.35,8725.96,7031.41,INR_per_Quintal,70896.68,220434.7,149538.02,67.84,210.92,2261.46,10.08,Medium,Moderate Profit
FARM1545,Rice,Uttar Pradesh,Rabi,6.58,Alluvial,Canal,25.23,166.01,Quintal,11730.7,46963.92,75751.01,16010.63,25366.81,2702.72,INR_per_Quintal,175823.07,448678.55,272855.48,60.81,155.19,1059.11,65.05,Low,High Profit
FARM1546,Sugarcane,Tamil Nadu,Rabi,11.0,Alluvial,Drip,55.49,610.39,Quintal,64406.86,104810.88,123746.78,89915.52,30288.67,3245.45,INR_per_Quintal,413168.71,1980990.23,1567821.52,79.14,379.46,676.89,127.31,Medium,High Profit
FARM1547,Chilli,Uttar Pradesh,Zaid,1.57,Alluvial,Drip,8.3,13.03,Quintal,5603.35,10993.79,26474.53,3680.4,6150.65,12282.72,INR_per_Quintal,52902.72,160043.84,107141.12,66.94,202.52,4060.07,4.31,Medium,Moderate Profit
FARM1548,Maize,Andhra Pradesh,Zaid,5.17,Clay,Rainfed,32.9,170.09,Quintal,8855.59,37495.71,31335.85,12962.98,13941.67,1905.18,INR_per_Quintal,104591.8,324052.07,219460.27,67.72,209.83,614.92,54.9,Medium,High Profit
FARM1549,Onion,Madhya Pradesh,Zaid,5.18,Red Soil,Sprinkler,71.8,371.92,Quintal,25642.02,31671.03,64691.61,27110.14,14071.2,2244.43,INR_per_Quintal,163186.0,834748.41,671562.41,80.45,411.53,438.77,72.71,Medium,High Profit
FARM1550,Wheat,Maharashtra,Zaid,7.48,Clay,Borewell,18.65,139.5,Quintal,11425.42,59072.14,54443.06,20917.31,20010.38,2182.68,INR_per_Quintal,165868.31,304483.86,138615.55,45.52,83.57,1189.02,75.99,Medium,Moderate Profit
FARM1551,Chilli,Punjab,Zaid,2.61,Clay,Sprinkler,15.09,39.38,Quintal,7113.02,24705.96,37669.05,7076.69,6535.41,12364.1,INR_per_Quintal,83100.13,486898.26,403798.13,82.93,485.92,2110.21,6.72,Medium,High Profit
FARM1552,Cotton,Telangana,Rabi,10.64,Black Soil,Sprinkler,8.82,93.84,Quintal,28325.99,79074.33,103420.49,39353.11,34866.2,5458.53,INR_per_Quintal,285040.12,512228.46,227188.34,44.35,79.7,3037.51,52.22,Medium,High Profit
FARM1553,Chilli,Punjab,Rabi,3.87,Alluvial,Drip,15.57,60.26,Quintal,16846.04,35079.1,36185.6,8295.71,13064.92,8884.3,INR_per_Quintal,109471.37,535367.92,425896.55,79.55,389.05,1816.65,12.32,Medium,High Profit
FARM1554,Wheat,Andhra Pradesh,Zaid,7.48,Clay,Borewell,15.17,113.47,Quintal,10723.01,38260.24,61643.4,22847.29,26770.64,1898.23,INR_per_Quintal,160244.58,215392.16,55147.58,25.6,34.41,1412.22,84.42,Medium,Moderate Profit
FARM1555,Potato,Karnataka,Zaid,1.66,Sandy,Rainfed,87.26,144.85,Quintal,12676.4,14404.6,23715.09,4749.24,3658.91,1489.56,INR_per_Quintal,59204.24,215762.77,156558.53,72.56,264.44,408.73,39.75,Medium,High Profit
FARM1556,Groundnut,Telangana,Zaid,1.81,Sandy,Rainfed,12.52,22.66,Quintal,5297.09,13288.49,12897.24,4955.09,4872.49,6706.42,INR_per_Quintal,41310.4,151967.48,110657.08,72.82,267.87,1823.05,6.16,Medium,Moderate Profit
FARM1557,Chilli,Karnataka,Zaid,2.55,Loamy,Borewell,12.3,31.36,Quintal,12015.9,16409.37,44288.14,7537.93,9676.11,12828.54,INR_per_Quintal,89927.45,402303.01,312375.56,77.65,347.36,2867.58,7.01,High,High Profit
FARM1558,Wheat,Madhya Pradesh,Zaid,3.03,Clay,Canal,16.0,48.48,Quintal,3199.69,15347.86,24586.32,6397.32,5570.04,2166.23,INR_per_Quintal,55101.23,105018.83,49917.6,47.53,90.59,1136.58,25.44,Medium,Low Profit
FARM1559,Potato,Madhya Pradesh,Rabi,8.57,Black Soil,Sprinkler,102.21,875.94,Quintal,57037.78,63716.4,121990.6,41080.41,29632.09,1601.59,INR_per_Quintal,313457.28,1402896.74,1089439.46,77.66,347.56,357.85,195.72,Medium,High Profit
FARM1560,Onion,Maharashtra,Rabi,8.46,Alluvial,Sprinkler,73.08,618.26,Quintal,36194.55,71533.83,107283.12,25910.36,33824.38,2301.15,INR_per_Quintal,274746.24,1422709.0,1147962.76,80.69,417.83,444.39,119.4,Medium,High Profit
FARM1561,Onion,Madhya Pradesh,Kharif,1.47,Sandy,Canal,98.22,144.38,Quintal,5207.22,13169.36,20868.47,7991.05,6784.23,1418.48,INR_per_Quintal,54020.33,204800.14,150779.81,73.62,279.12,374.15,38.08,Medium,High Profit
FARM1562,Chilli,Karnataka,Rabi,11.7,Sandy,Borewell,10.47,122.5,Quintal,54325.45,101311.35,204716.57,24027.45,50631.4,12203.63,INR_per_Quintal,435012.22,1494944.67,1059932.45,70.9,243.66,3551.12,35.65,Medium,High Profit
FARM1563,Wheat,Uttar Pradesh,Kharif,11.47,Loamy,Canal,22.71,260.48,Quintal,11708.37,84017.67,97631.36,29718.58,38937.17,2478.72,INR_per_Quintal,262013.15,645656.99,383643.84,59.42,146.42,1005.89,105.71,Medium,High Profit
FARM1564,Tomato,Uttar Pradesh,Kharif,4.98,Sandy,Drip,99.28,494.41,Quintal,16571.23,48572.42,61470.38,20191.46,30909.26,1667.49,INR_per_Quintal,177714.75,824423.73,646708.98,78.44,363.9,359.45,106.58,High,High Profit
FARM1565,Potato,Karnataka,Rabi,9.02,Black Soil,Drip,129.42,1167.37,Quintal,65471.88,68521.73,63218.8,49892.66,27696.13,1733.04,INR_per_Quintal,274801.2,2023098.9,1748297.7,86.42,636.2,235.4,158.57,Medium,High Profit
FARM1566,Wheat,Uttar Pradesh,Rabi,5.52,Red Soil,Rainfed,22.43,123.81,Quintal,9838.84,35458.54,46704.28,12621.22,16300.24,2174.25,INR_per_Quintal,120923.12,269193.89,148270.77,55.08,122.62,976.68,55.62,Medium,Moderate Profit
FARM1567,Potato,Telangana,Zaid,7.48,Sandy,Sprinkler,99.76,746.2,Quintal,56737.78,53595.67,84919.49,38490.44,32435.38,2084.68,INR_per_Quintal,266178.76,1555588.22,1289409.46,82.89,484.41,356.71,127.68,Medium,High Profit
FARM1568,Sugarcane,Punjab,Kharif,2.38,Alluvial,Rainfed,69.85,166.24,Quintal,11002.3,33101.43,30724.6,12005.0,7970.25,3115.26,INR_per_Quintal,94803.58,517880.82,423077.24,81.69,446.27,570.28,30.43,Medium,High Profit
FARM1569,Tomato,Tamil Nadu,Kharif,7.77,Alluvial,Drip,86.15,669.39,Quintal,35327.5,90422.99,93829.29,37691.09,22996.13,1292.24,INR_per_Quintal,280267.0,865012.53,584745.53,67.6,208.64,418.69,216.88,Medium,High Profit
FARM1570,Chilli,Karnataka,Kharif,1.49,Loamy,Rainfed,8.77,13.07,Quintal,7195.04,10422.92,15819.54,5694.08,5601.57,9534.15,INR_per_Quintal,44733.15,124611.34,79878.19,64.1,178.57,3422.58,4.69,High,Moderate Profit
FARM1571,Potato,Maharashtra,Kharif,10.24,Clay,Sprinkler,106.05,1085.95,Quintal,61856.69,109903.61,131297.71,30146.88,44357.72,1713.92,INR_per_Quintal,377562.61,1861231.42,1483668.81,79.71,392.96,347.68,220.29,Low,High Profit
FARM1572,Cotton,Madhya Pradesh,Rabi,8.98,Alluvial,Sprinkler,14.12,126.8,Quintal,21601.33,72709.93,122021.27,30924.6,26835.15,6626.91,INR_per_Quintal,274092.28,840292.19,566199.91,67.38,206.57,2161.61,41.36,Medium,High Profit
FARM1573,Rice,Tamil Nadu,Zaid,10.07,Alluvial,Borewell,20.89,210.36,Quintal,19835.81,64411.52,90410.2,23870.36,23722.09,1997.68,INR_per_Quintal,222249.98,420231.96,197981.98,47.11,89.08,1056.52,111.25,Medium,High Profit
FARM1574,Maize,Maharashtra,Zaid,10.09,Black Soil,Drip,28.57,288.27,Quintal,16385.29,94657.84,103201.72,20910.8,19598.05,2249.91,INR_per_Quintal,254753.7,648581.56,393827.86,60.72,154.59,883.73,113.23,Medium,High Profit
FARM1575,Wheat,Maharashtra,Kharif,3.45,Clay,Sprinkler,20.58,71.0,Quintal,6144.08,17969.17,24026.82,11831.27,9722.17,2547.68,INR_per_Quintal,69693.51,180885.28,111191.77,61.47,159.54,981.6,27.36,Medium,Moderate Profit
FARM1576,Rice,Karnataka,Zaid,10.83,Red Soil,Borewell,25.47,275.84,Quintal,21176.14,76409.97,78382.96,29002.83,43582.88,1989.09,INR_per_Quintal,248554.78,548670.59,300115.81,54.7,120.74,901.08,124.96,Low,High Profit
FARM1577,Wheat,Madhya Pradesh,Zaid,10.35,Alluvial,Drip,17.74,183.61,Quintal,15522.87,54284.15,74931.28,19720.96,14699.56,2635.19,INR_per_Quintal,179158.82,483847.24,304688.42,62.97,170.07,975.76,67.99,Medium,High Profit
FARM1578,Cotton,Telangana,Zaid,5.08,Black Soil,Sprinkler,11.24,57.1,Quintal,17549.65,47442.05,65314.01,12396.12,10007.02,7766.99,INR_per_Quintal,152708.85,443495.13,290786.28,65.57,190.42,2674.41,19.66,Medium,High Profit
FARM1579,Wheat,Punjab,Rabi,9.93,Clay,Canal,20.33,201.88,Quintal,12058.73,49161.56,84310.5,18129.15,34883.88,2380.8,INR_per_Quintal,198543.82,480635.9,282092.08,58.69,142.08,983.47,83.39,Medium,High Profit
FARM1580,Tomato,Karnataka,Kharif,10.83,Loamy,Drip,154.03,1668.14,Quintal,37170.6,68822.94,232798.1,75576.0,45593.74,1423.34,INR_per_Quintal,459961.38,2374330.39,1914369.01,80.63,416.2,275.73,323.16,High,High Profit
FARM1581,Potato,Telangana,Kharif,5.3,Loamy,Borewell,73.14,387.64,Quintal,41987.19,55261.89,66263.37,16969.17,21855.02,1456.26,INR_per_Quintal,202336.64,564504.63,362167.99,64.16,178.99,521.97,138.94,Medium,High Profit
FARM1582,Rice,Madhya Pradesh,Rabi,10.1,Clay,Rainfed,28.6,288.86,Quintal,19505.24,64611.91,105167.48,21667.77,39763.18,2360.59,INR_per_Quintal,250715.58,681880.03,431164.45,63.23,171.97,867.95,106.21,Medium,High Profit
FARM1583,Tomato,Karnataka,Rabi,5.65,Red Soil,Drip,145.86,824.11,Quintal,22504.06,47234.36,90683.49,19338.99,19400.13,1181.45,INR_per_Quintal,199161.03,973644.76,774483.73,79.54,388.87,241.67,168.57,High,High Profit
FARM1584,Maize,Madhya Pradesh,Zaid,9.17,Clay,Rainfed,26.03,238.7,Quintal,15347.33,57309.97,45982.5,21621.87,26139.48,2106.68,INR_per_Quintal,166401.15,502864.52,336463.37,66.91,202.2,697.11,78.99,Medium,High Profit
FARM1585,Groundnut,Telangana,Rabi,9.28,Sandy,Rainfed,11.44,106.16,Quintal,32012.02,66180.03,73283.87,14497.05,16285.92,5977.0,INR_per_Quintal,202258.89,634518.32,432259.43,68.12,213.72,1905.23,33.84,Medium,High Profit
FARM1586,Chilli,Uttar Pradesh,Zaid,10.57,Sandy,Sprinkler,11.35,119.97,Quintal,51227.67,109237.45,115505.67,38985.28,35236.73,8702.16,INR_per_Quintal,350192.8,1043998.14,693805.34,66.46,198.12,2919.0,40.24,High,High Profit
FARM1587,Maize,Telangana,Kharif,8.04,Black Soil,Canal,21.45,172.46,Quintal,13546.89,71140.22,45483.47,19943.95,25154.17,1925.1,INR_per_Quintal,175268.7,332002.75,156734.05,47.21,89.43,1016.29,91.04,Medium,High Profit
FARM1588,Onion,Karnataka,Kharif,6.62,Alluvial,Borewell,68.45,453.14,Quintal,41121.85,64045.78,89110.04,21175.01,22884.28,1099.54,INR_per_Quintal,238336.96,498245.56,259908.6,52.16,109.05,525.97,216.76,Medium,High Profit
FARM1589,Rice,Andhra Pradesh,Kharif,2.89,Sandy,Sprinkler,30.61,88.46,Quintal,5068.07,25794.95,22650.12,10014.68,6750.5,2120.96,INR_per_Quintal,70278.32,187620.12,117341.8,62.54,166.97,794.46,33.14,Medium,Moderate Profit
FARM1590,Groundnut,Telangana,Zaid,3.27,Alluvial,Canal,16.09,52.61,Quintal,8160.41,17898.6,29365.1,8608.95,4715.55,6817.18,INR_per_Quintal,68748.61,358651.84,289903.23,80.83,421.69,1306.76,10.08,Medium,High Profit
FARM1591,Cotton,Madhya Pradesh,Rabi,5.72,Sandy,Rainfed,13.94,79.74,Quintal,17116.42,36060.67,70474.09,18748.93,21983.28,6504.71,INR_per_Quintal,164383.39,518685.58,354302.19,68.31,215.53,2061.49,25.27,Medium,High Profit
FARM1592,Groundnut,Tamil Nadu,Zaid,2.86,Red Soil,Canal,18.76,53.65,Quintal,8612.54,20619.28,28846.25,8212.5,6268.44,6073.34,INR_per_Quintal,72559.01,325834.69,253275.68,77.73,349.06,1352.45,11.95,Medium,High Profit
FARM1593,Tomato,Telangana,Zaid,10.43,Clay,Canal,99.27,1035.39,Quintal,43175.36,127733.58,147189.96,54297.42,58616.19,1246.92,INR_per_Quintal,431012.51,1291048.5,860035.99,66.62,199.54,416.28,345.66,High,High Profit
FARM1594,Rice,Telangana,Rabi,10.7,Sandy,Borewell,29.56,316.29,Quintal,22871.6,61158.98,132133.82,26505.42,26846.19,2289.47,INR_per_Quintal,269516.01,724136.47,454620.46,62.78,168.68,852.12,117.72,Medium,High Profit
FARM1595,Tomato,Punjab,Zaid,2.21,Black Soil,Canal,146.77,324.36,Quintal,10906.89,16091.42,24193.48,15047.38,13592.07,900.06,INR_per_Quintal,79831.24,291943.46,212112.22,72.66,265.7,246.12,88.7,High,High Profit
FARM1596,Tomato,Maharashtra,Kharif,10.28,Red Soil,Borewell,120.29,1236.58,Quintal,39127.7,82386.11,158079.89,63812.97,42421.07,1251.69,INR_per_Quintal,385827.74,1547814.82,1161987.08,75.07,301.17,312.01,308.25,High,High Profit
FARM1597,Sugarcane,Uttar Pradesh,Rabi,4.08,Sandy,Sprinkler,80.18,327.13,Quintal,19896.65,51578.95,64078.07,39616.06,11105.7,3207.64,INR_per_Quintal,186275.43,1049315.27,863039.84,82.25,463.31,569.42,58.07,Medium,High Profit
FARM1598,Maize,Tamil Nadu,Zaid,11.25,Clay,Canal,35.49,399.26,Quintal,21536.19,83562.74,56661.24,18452.54,36171.24,1856.22,INR_per_Quintal,216383.95,741114.4,524730.45,70.8,242.5,541.96,116.57,Medium,High Profit
FARM1599,Maize,Telangana,Rabi,3.64,Loamy,Sprinkler,38.42,139.85,Quintal,5462.3,33925.18,26805.59,10326.32,12169.08,1843.09,INR_per_Quintal,88688.47,257756.14,169067.67,65.59,190.63,634.17,48.12,Medium,High Profit
FARM1600,Wheat,Karnataka,Kharif,7.79,Loamy,Sprinkler,27.61,215.08,Quintal,12987.49,57435.93,66014.78,23351.49,14663.69,2037.41,INR_per_Quintal,174453.38,438206.14,263752.76,60.19,151.19,811.11,85.63,Medium,High Profit
FARM1601,Chilli,Tamil Nadu,Kharif,11.26,Alluvial,Sprinkler,15.39,173.29,Quintal,54862.08,73876.17,127391.48,25820.44,20494.92,7392.91,INR_per_Quintal,302445.09,1281117.37,978672.28,76.39,323.59,1745.31,40.91,High,High Profit
FARM1602,Cotton,Madhya Pradesh,Zaid,6.55,Alluvial,Borewell,13.54,88.69,Quintal,19023.84,66825.33,89614.03,25792.54,15499.17,7340.49,INR_per_Quintal,216754.91,651028.06,434273.15,66.71,200.35,2443.96,29.53,Medium,High Profit
FARM1603,Onion,Punjab,Kharif,3.68,Alluvial,Sprinkler,112.03,412.27,Quintal,16941.87,34924.34,39162.14,18142.7,14513.57,1514.48,INR_per_Quintal,123684.62,624374.67,500690.05,80.19,404.81,300.01,81.67,Medium,High Profit
FARM1604,Onion,Maharashtra,Rabi,5.4,Sandy,Rainfed,88.0,475.2,Quintal,21440.4,42769.84,53421.03,23599.89,9747.34,1609.71,INR_per_Quintal,150978.5,764934.19,613955.69,80.26,406.65,317.72,93.79,High,High Profit
FARM1605,Sugarcane,Punjab,Kharif,5.82,Black Soil,Rainfed,72.02,419.16,Quintal,21003.27,76993.21,73635.06,31340.34,30292.51,3457.67,INR_per_Quintal,233264.39,1449316.96,1216052.57,83.91,521.32,556.5,67.46,Medium,High Profit
FARM1606,Sugarcane,Uttar Pradesh,Zaid,5.52,Loamy,Canal,54.1,298.63,Quintal,25101.29,50971.85,82588.45,34784.01,18263.85,3935.34,INR_per_Quintal,211709.45,1175210.58,963501.13,81.99,455.11,708.94,53.8,Medium,High Profit
FARM1607,Tomato,Tamil Nadu,Kharif,7.97,Clay,Borewell,125.69,1001.75,Quintal,34402.26,91006.25,137184.45,30162.63,40598.91,1400.15,INR_per_Quintal,333354.5,1402600.26,1069245.76,76.23,320.75,332.77,238.08,Medium,High Profit
FARM1608,Sugarcane,Telangana,Kharif,10.51,Loamy,Canal,73.09,768.18,Quintal,39617.81,112083.65,116477.44,73169.72,48000.0,2897.52,INR_per_Quintal,389348.62,2225816.91,1836468.29,82.51,471.68,506.85,134.37,Medium,High Profit
FARM1609,Wheat,Andhra Pradesh,Kharif,4.54,Black Soil,Canal,20.55,93.3,Quintal,6211.7,30696.18,30016.71,15424.86,16261.71,2299.63,INR_per_Quintal,98611.16,214555.48,115944.32,54.04,117.58,1056.93,42.88,Medium,Moderate Profit
FARM1610,Sugarcane,Maharashtra,Zaid,7.2,Alluvial,Canal,61.35,441.72,Quintal,26566.18,88830.3,91116.15,60797.31,33881.36,4177.72,INR_per_Quintal,301191.3,1845382.48,1544191.18,83.68,512.69,681.86,72.09,Medium,High Profit
FARM1611,Sugarcane,Uttar Pradesh,Kharif,2.4,Red Soil,Sprinkler,80.51,193.22,Quintal,13057.17,29189.59,24206.8,19298.66,12525.76,3725.35,INR_per_Quintal,98277.98,719812.13,621534.15,86.35,632.42,508.63,26.38,Medium,High Profit
FARM1612,Wheat,Maharashtra,Zaid,9.59,Loamy,Sprinkler,16.56,158.81,Quintal,9677.68,44340.77,85956.29,23777.56,15625.84,2208.89,INR_per_Quintal,179378.14,350793.82,171415.68,48.87,95.56,1129.51,81.21,High,High Profit
FARM1613,Maize,Tamil Nadu,Kharif,4.04,Sandy,Drip,29.89,120.76,Quintal,5970.84,27836.14,23317.94,6809.44,6094.32,1701.67,INR_per_Quintal,70028.68,205493.67,135464.99,65.92,193.44,579.9,41.15,Medium,Moderate Profit
FARM1614,Potato,Uttar Pradesh,Rabi,8.87,Alluvial,Drip,70.0,620.9,Quintal,45755.98,88817.34,97070.59,44774.34,36511.08,1265.57,INR_per_Quintal,312929.33,785792.41,472863.08,60.18,151.11,503.99,247.26,Medium,High Profit
FARM1615,Tomato,Uttar Pradesh,Rabi,2.38,Red Soil,Drip,106.89,254.4,Quintal,8808.67,25178.32,31626.04,12256.76,9507.32,1337.69,INR_per_Quintal,87377.11,340308.34,252931.23,74.32,289.47,343.46,65.32,High,High Profit
FARM1616,Tomato,Telangana,Zaid,2.87,Clay,Borewell,120.89,346.95,Quintal,12762.49,27402.94,53589.59,13361.74,15568.64,1655.14,INR_per_Quintal,122685.4,574250.82,451565.42,78.64,368.07,353.61,74.12,High,High Profit
FARM1617,Sugarcane,Madhya Pradesh,Kharif,5.32,Black Soil,Rainfed,61.76,328.56,Quintal,22209.92,63803.42,64842.08,37810.91,28157.37,3070.88,INR_per_Quintal,216823.7,1008968.33,792144.63,78.51,365.34,659.92,70.61,Medium,High Profit
FARM1618,Rice,Karnataka,Kharif,2.13,Loamy,Rainfed,27.51,58.6,Quintal,2938.59,14470.05,26809.38,7893.78,4458.81,2503.3,INR_per_Quintal,56570.61,146693.38,90122.77,61.44,159.31,965.37,22.6,Low,Moderate Profit
FARM1619,Groundnut,Punjab,Zaid,3.77,Black Soil,Canal,16.32,61.53,Quintal,8890.9,26235.75,42647.09,12102.23,7225.08,6271.01,INR_per_Quintal,97101.05,385855.25,288754.2,74.83,297.37,1578.11,15.48,Medium,High Profit
FARM1620,Tomato,Karnataka,Kharif,2.49,Alluvial,Canal,94.21,234.58,Quintal,7547.79,27542.3,41329.11,7705.49,14281.41,1049.18,INR_per_Quintal,98406.1,246116.64,147710.54,60.02,150.1,419.5,93.79,High,Moderate Profit
FARM1621,Cotton,Punjab,Rabi,11.59,Black Soil,Borewell,17.28,200.28,Quintal,36147.56,125462.08,128342.1,33380.92,44574.13,8196.17,INR_per_Quintal,367906.79,1641528.93,1273622.14,77.59,346.18,1836.96,44.89,Medium,High Profit
FARM1622,Chilli,Andhra Pradesh,Zaid,2.96,Clay,Rainfed,8.48,25.1,Quintal,10286.81,18967.82,43905.83,11171.73,6720.09,7572.59,INR_per_Quintal,91052.28,190072.01,99019.73,52.1,108.75,3627.58,12.02,High,Moderate Profit
FARM1623,Cotton,Telangana,Kharif,2.62,Sandy,Drip,13.99,36.65,Quintal,8320.85,23468.35,37671.85,11623.92,7797.27,7620.15,INR_per_Quintal,88882.24,279278.5,190396.26,68.17,214.21,2425.16,11.66,Medium,High Profit
FARM1624,Groundnut,Karnataka,Kharif,3.03,Loamy,Rainfed,19.57,59.3,Quintal,6555.91,16228.61,33691.67,8156.52,4004.44,4771.94,INR_per_Quintal,68637.15,282976.04,214338.89,75.74,312.28,1157.46,14.38,Medium,High Profit
FARM1625,Onion,Telangana,Rabi,5.44,Red Soil,Borewell,99.84,543.13,Quintal,31671.66,28079.09,51322.69,30348.79,21482.63,2143.17,INR_per_Quintal,162904.86,1164019.92,1001115.06,86.0,614.54,299.94,76.01,High,High Profit
FARM1626,Tomato,Maharashtra,Kharif,1.27,Clay,Canal,92.24,117.14,Quintal,5641.73,7852.81,24641.9,7398.45,6853.16,965.3,INR_per_Quintal,52388.05,113075.24,60687.19,53.67,115.84,447.23,54.27,Medium,Moderate Profit
FARM1627,Groundnut,Uttar Pradesh,Kharif,4.51,Alluvial,Drip,11.75,52.99,Quintal,14128.11,23477.58,52703.23,8920.08,9323.37,5450.82,INR_per_Quintal,108552.37,288838.95,180286.58,62.42,166.08,2048.54,19.91,Low,High Profit
FARM1628,Cotton,Punjab,Kharif,6.51,Sandy,Borewell,12.06,78.51,Quintal,17642.69,47350.7,97260.77,24854.47,19318.66,6205.58,INR_per_Quintal,206427.29,487200.09,280772.8,57.63,136.02,2629.31,33.26,Medium,High Profit
FARM1629,Tomato,Telangana,Rabi,9.24,Black Soil,Rainfed,156.11,1442.46,Quintal,29596.96,63276.46,199015.65,57640.23,54097.88,1247.78,INR_per_Quintal,403627.18,1799872.74,1396245.56,77.57,345.92,279.82,323.48,High,High Profit
FARM1630,Sugarcane,Karnataka,Rabi,11.27,Clay,Drip,57.1,643.52,Quintal,59037.22,93763.59,166641.68,81630.23,36349.03,3809.66,INR_per_Quintal,437421.75,2451592.4,2014170.65,82.16,460.46,679.73,114.82,Medium,High Profit
FARM1631,Wheat,Tamil Nadu,Zaid,6.22,Red Soil,Borewell,20.34,126.51,Quintal,9297.53,32965.37,42769.77,18116.98,16662.96,2131.4,INR_per_Quintal,119812.61,269643.41,149830.8,55.57,125.05,947.06,56.21,Medium,Moderate Profit
FARM1632,Chilli,Uttar Pradesh,Rabi,6.88,Black Soil,Rainfed,12.31,84.69,Quintal,18544.63,42368.77,118815.95,25700.55,23996.04,6929.83,INR_per_Quintal,229425.94,586887.3,357461.36,60.91,155.81,2709.01,33.11,Medium,High Profit
FARM1633,Cotton,Tamil Nadu,Rabi,10.09,Clay,Borewell,14.35,144.79,Quintal,18709.13,80498.37,151919.04,23079.99,24096.43,6912.15,INR_per_Quintal,298302.96,1000810.2,702507.24,70.19,235.5,2060.25,43.16,Medium,High Profit
FARM1634,Sugarcane,Andhra Pradesh,Zaid,11.7,Alluvial,Borewell,81.05,948.28,Quintal,41209.75,140537.17,116372.28,90546.78,60979.78,2917.75,INR_per_Quintal,449645.76,2766843.97,2317198.21,83.75,515.34,474.17,154.11,Medium,High Profit
FARM1635,Rice,Karnataka,Kharif,11.72,Loamy,Canal,29.82,349.49,Quintal,22398.21,99126.81,106922.72,46695.13,46939.6,2260.32,INR_per_Quintal,322082.47,789959.24,467876.77,59.23,145.27,921.58,142.49,Medium,High Profit
FARM1636,Onion,Telangana,Rabi,1.26,Loamy,Drip,83.6,105.34,Quintal,6158.0,8119.77,17898.5,5622.56,3613.16,1921.04,INR_per_Quintal,41411.99,202362.35,160950.36,79.54,388.66,393.13,21.56,Medium,High Profit
FARM1637,Potato,Uttar Pradesh,Rabi,7.68,Clay,Canal,85.44,656.18,Quintal,68882.53,63016.41,59240.17,34820.37,35994.16,1432.71,INR_per_Quintal,261953.64,940115.65,678162.01,72.14,258.89,399.21,182.84,Medium,High Profit
FARM1638,Chilli,Punjab,Rabi,1.37,Clay,Rainfed,17.27,23.66,Quintal,4093.15,12351.44,16752.09,4671.25,4964.9,10039.39,INR_per_Quintal,42832.83,237531.97,194699.14,81.97,454.56,1810.35,4.27,Medium,High Profit
FARM1639,Rice,Tamil Nadu,Kharif,8.3,Loamy,Canal,27.48,228.08,Quintal,16753.69,63512.9,59872.34,21068.02,22944.1,2178.56,INR_per_Quintal,184151.05,496885.96,312734.91,62.94,169.83,807.4,84.53,Medium,High Profit
FARM1640,Rice,Telangana,Rabi,3.93,Black Soil,Rainfed,25.33,99.55,Quintal,5232.85,23149.64,33631.59,12261.19,10430.46,2352.94,INR_per_Quintal,84705.73,234235.18,149529.45,63.84,176.53,850.89,36.0,Medium,Moderate Profit
FARM1641,Maize,Madhya Pradesh,Zaid,4.46,Loamy,Borewell,28.57,127.42,Quintal,7711.66,26394.22,34317.73,15095.25,10112.29,2293.43,INR_per_Quintal,93631.15,292228.85,198597.7,67.96,212.11,734.82,40.83,Low,High Profit
FARM1642,Sugarcane,Tamil Nadu,Kharif,10.3,Black Soil,Drip,74.87,771.16,Quintal,51736.9,141729.26,164566.62,69460.11,63347.51,3706.77,INR_per_Quintal,490840.4,2858512.75,2367672.35,82.83,482.37,636.5,132.42,Medium,High Profit
FARM1643,Cotton,Tamil Nadu,Kharif,8.15,Red Soil,Borewell,8.94,72.86,Quintal,22807.14,49391.87,110542.78,25584.29,29987.51,7194.31,INR_per_Quintal,238313.59,524177.43,285863.84,54.54,119.95,3270.84,33.13,Medium,High Profit
FARM1644,Maize,Punjab,Rabi,8.43,Sandy,Drip,32.32,272.46,Quintal,9381.24,55259.65,59859.32,23170.97,31088.42,1898.97,INR_per_Quintal,178759.6,517393.37,338633.77,65.45,189.44,656.09,94.14,Medium,High Profit
FARM1645,Wheat,Andhra Pradesh,Kharif,3.53,Sandy,Canal,20.89,73.74,Quintal,5446.5,22793.99,26320.2,8099.73,9756.72,2349.97,INR_per_Quintal,72417.14,173286.79,100869.65,58.21,139.29,982.06,30.82,Medium,Moderate Profit
FARM1646,Tomato,Telangana,Kharif,1.27,Red Soil,Drip,152.21,193.31,Quintal,4747.8,13513.3,13251.53,5979.27,3857.87,1792.43,INR_per_Quintal,41349.77,346494.64,305144.87,88.07,737.96,213.9,23.07,Medium,High Profit
FARM1647,Wheat,Maharashtra,Zaid,9.21,Clay,Sprinkler,23.37,215.24,Quintal,11365.48,58212.94,57953.62,22779.58,14934.0,2406.34,INR_per_Quintal,165245.62,517940.62,352695.0,68.1,213.44,767.73,68.67,Medium,High Profit
FARM1648,Maize,Punjab,Rabi,6.49,Loamy,Drip,37.33,242.27,Quintal,11962.72,50727.48,48664.82,13889.72,21271.59,1669.19,INR_per_Quintal,146516.33,404394.66,257878.33,63.77,176.01,604.76,87.78,Medium,High Profit
FARM1649,Sugarcane,Punjab,Kharif,1.07,Alluvial,Drip,81.04,86.71,Quintal,5842.73,9601.22,17999.19,7103.8,4059.46,4228.64,INR_per_Quintal,44606.4,366665.37,322058.97,87.83,722.0,514.43,10.55,Medium,High Profit
FARM1650,Chilli,Madhya Pradesh,Zaid,9.53,Sandy,Borewell,11.04,105.21,Quintal,45489.99,64415.28,111940.41,26434.04,38100.7,11218.98,INR_per_Quintal,286380.42,1180348.89,893968.47,75.74,312.16,2721.99,25.53,High,High Profit
FARM1651,Groundnut,Punjab,Kharif,3.78,Sandy,Canal,13.74,51.94,Quintal,9146.12,24000.15,41473.0,7497.11,7459.87,5942.64,INR_per_Quintal,89576.25,308660.72,219084.47,70.98,244.58,1724.61,15.07,Medium,High Profit
FARM1652,Groundnut,Karnataka,Kharif,10.9,Alluvial,Sprinkler,14.3,155.87,Quintal,32694.8,76034.52,75261.9,31925.08,22296.26,6315.51,INR_per_Quintal,238212.56,984398.54,746185.98,75.8,313.24,1528.28,37.72,Medium,High Profit
FARM1653,Cotton,Madhya Pradesh,Zaid,1.71,Clay,Canal,15.9,27.19,Quintal,3208.83,18273.7,14314.8,4525.47,7779.99,7224.14,INR_per_Quintal,48102.79,196424.37,148321.58,75.51,308.34,1769.14,6.66,Medium,Moderate Profit
FARM1654,Sugarcane,Punjab,Rabi,2.13,Alluvial,Rainfed,74.35,158.37,Quintal,12067.47,26029.53,20575.04,12353.01,8249.66,2814.04,INR_per_Quintal,79274.71,445659.51,366384.8,82.21,462.17,500.57,28.17,High,High Profit
FARM1655,Wheat,Punjab,Rabi,2.04,Red Soil,Rainfed,25.28,51.57,Quintal,2061.82,12502.94,18806.81,6846.47,4189.39,2131.1,INR_per_Quintal,44407.43,109900.83,65493.4,59.59,147.48,861.11,20.84,Medium,Moderate Profit
FARM1656,Groundnut,Karnataka,Zaid,3.79,Black Soil,Canal,11.99,45.44,Quintal,11826.04,16766.76,39575.81,7826.04,5788.53,6454.38,INR_per_Quintal,81783.18,293287.03,211503.85,72.11,258.62,1799.81,12.67,Medium,High Profit
FARM1657,Chilli,Maharashtra,Kharif,1.57,Black Soil,Rainfed,14.01,22.0,Quintal,5410.37,14230.88,23408.9,6337.06,4609.48,9019.57,INR_per_Quintal,53996.69,198430.54,144433.85,72.79,267.49,2454.39,5.99,Medium,Moderate Profit
FARM1658,Cotton,Punjab,Zaid,1.59,Red Soil,Drip,15.41,24.5,Quintal,3942.21,16166.27,21603.67,2959.63,6664.98,7206.48,INR_per_Quintal,51336.76,176558.76,125222.0,70.92,243.92,2095.38,7.12,Medium,Moderate Profit
FARM1659,Maize,Tamil Nadu,Zaid,4.42,Alluvial,Drip,37.37,165.18,Quintal,5654.59,30990.31,38824.19,12058.11,14392.7,1869.43,INR_per_Quintal,101919.9,308792.45,206872.55,66.99,202.98,617.02,54.52,Medium,High Profit
FARM1660,Potato,Uttar Pradesh,Kharif,9.48,Sandy,Rainfed,75.05,711.47,Quintal,69152.83,67180.79,142105.49,29495.79,25652.93,2110.59,INR_per_Quintal,333587.83,1501621.47,1168033.64,77.78,350.14,468.87,158.05,Medium,High Profit
FARM1661,Cotton,Maharashtra,Rabi,6.4,Clay,Sprinkler,17.33,110.91,Quintal,20417.21,46071.1,51861.81,22397.75,26119.0,7416.38,INR_per_Quintal,166866.87,822550.71,655683.84,79.71,392.94,1504.53,22.5,Medium,High Profit
FARM1662,Potato,Madhya Pradesh,Rabi,8.36,Black Soil,Canal,125.53,1049.43,Quintal,63944.06,72789.65,89547.08,41662.91,29696.76,1941.81,INR_per_Quintal,297640.46,2037793.67,1740153.21,85.39,584.65,283.62,153.28,Low,High Profit
FARM1663,Tomato,Andhra Pradesh,Rabi,4.92,Alluvial,Canal,104.38,513.55,Quintal,17240.33,51994.86,80357.07,33964.75,13729.66,1698.71,INR_per_Quintal,197286.67,872372.52,675085.85,77.39,342.19,384.16,116.14,Low,High Profit
FARM1664,Potato,Maharashtra,Kharif,2.52,Clay,Canal,111.32,280.53,Quintal,14678.03,22428.29,26803.06,13108.38,8984.35,2032.08,INR_per_Quintal,86002.11,570059.4,484057.29,84.91,562.84,306.57,42.32,Medium,High Profit
FARM1665,Wheat,Tamil Nadu,Rabi,11.43,Sandy,Sprinkler,24.15,276.03,Quintal,16392.35,72501.46,71288.39,25097.56,38551.09,2339.9,INR_per_Quintal,223830.85,645882.6,422051.75,65.34,188.56,810.89,95.66,Medium,High Profit
FARM1666,Tomato,Madhya Pradesh,Kharif,6.86,Clay,Drip,96.37,661.1,Quintal,33843.52,77267.17,70678.74,28091.06,23391.04,1083.18,INR_per_Quintal,233271.53,716090.3,482818.77,67.42,206.98,352.85,215.36,High,High Profit
FARM1667,Onion,Tamil Nadu,Rabi,7.12,Alluvial,Borewell,75.05,534.36,Quintal,26680.38,49714.65,105376.93,31437.4,29983.41,1181.72,INR_per_Quintal,243192.77,631463.9,388271.13,61.49,159.66,455.11,205.8,Medium,High Profit
FARM1668,Chilli,Maharashtra,Rabi,8.02,Loamy,Borewell,10.71,85.89,Quintal,38188.73,63061.5,140525.06,33595.73,28114.71,10601.66,INR_per_Quintal,303485.73,910576.58,607090.85,66.67,200.04,3533.42,28.63,Medium,High Profit
FARM1669,Potato,Andhra Pradesh,Zaid,3.33,Loamy,Drip,110.34,367.43,Quintal,24366.9,30395.21,38505.6,10494.72,13534.72,1702.25,INR_per_Quintal,117297.15,625457.72,508160.57,81.25,433.22,319.24,68.91,Medium,High Profit
FARM1670,Maize,Andhra Pradesh,Rabi,9.88,Black Soil,Drip,38.25,377.91,Quintal,11238.37,90139.93,86600.09,16498.85,24854.56,1800.16,INR_per_Quintal,229331.8,680298.47,450966.67,66.29,196.64,606.84,127.4,Low,High Profit
FARM1671,Rice,Telangana,Kharif,9.97,Clay,Sprinkler,21.67,216.05,Quintal,21558.18,69543.21,133809.47,25729.44,36326.62,2307.71,INR_per_Quintal,286966.92,498580.75,211613.83,42.44,73.74,1328.24,124.35,Low,High Profit
FARM1672,Rice,Telangana,Zaid,11.85,Black Soil,Rainfed,23.65,280.25,Quintal,22212.49,92361.84,126505.1,25181.6,45005.88,2155.22,INR_per_Quintal,311266.91,604000.4,292733.49,48.47,94.05,1110.68,144.42,Low,High Profit
FARM1673,Rice,Punjab,Kharif,2.61,Red Soil,Canal,18.29,47.74,Quintal,4493.23,20477.83,30602.59,5502.88,4565.93,2160.73,INR_per_Quintal,65642.46,103153.25,37510.79,36.36,57.14,1375.0,30.38,Medium,Low Profit
FARM1674,Onion,Telangana,Kharif,1.83,Loamy,Borewell,67.22,123.01,Quintal,10347.39,9504.3,20936.41,5502.94,6838.2,2074.44,INR_per_Quintal,53129.24,255176.86,202047.62,79.18,380.29,431.91,25.61,Medium,High Profit
FARM1675,Chilli,Madhya Pradesh,Kharif,10.07,Clay,Drip,16.1,162.13,Quintal,38468.61,99358.04,103045.0,37821.46,22591.55,10800.24,INR_per_Quintal,301284.66,1751042.91,1449758.25,82.79,481.19,1858.29,27.9,High,High Profit
FARM1676,Sugarcane,Maharashtra,Zaid,2.99,Alluvial,Sprinkler,78.8,235.61,Quintal,15625.46,30953.09,31281.46,29059.58,12778.65,3085.8,INR_per_Quintal,119698.24,727045.34,607347.1,83.54,507.4,508.04,38.79,Medium,High Profit
FARM1677,Maize,Telangana,Rabi,11.37,Alluvial,Drip,33.06,375.89,Quintal,16347.6,57370.4,61693.79,33083.5,36059.15,1595.23,INR_per_Quintal,204554.44,599631.0,395076.56,65.89,193.14,544.19,128.23,Low,High Profit
FARM1678,Potato,Uttar Pradesh,Kharif,9.63,Clay,Borewell,83.48,803.91,Quintal,73619.83,97561.33,142038.23,31875.58,26262.21,1729.19,INR_per_Quintal,371357.18,1390113.13,1018755.95,73.29,274.33,461.94,214.76,Medium,High Profit
FARM1679,Onion,Uttar Pradesh,Zaid,2.61,Black Soil,Rainfed,105.85,276.27,Quintal,12491.31,19583.64,22450.31,10705.96,10685.98,2407.62,INR_per_Quintal,75917.2,665153.18,589235.98,88.59,776.16,274.79,31.53,Medium,High Profit
FARM1680,Tomato,Tamil Nadu,Rabi,10.43,Alluvial,Rainfed,109.98,1147.09,Quintal,35487.47,110110.45,137338.76,66115.68,28851.26,1694.62,INR_per_Quintal,377903.62,1943881.66,1565978.04,80.56,414.39,329.45,223.0,Medium,High Profit
FARM1681,Chilli,Karnataka,Zaid,11.16,Alluvial,Canal,15.88,177.22,Quintal,42808.99,89785.86,111414.8,37884.99,43910.28,13048.46,INR_per_Quintal,325804.92,2312448.08,1986643.16,85.91,609.76,1838.42,24.97,Medium,High Profit
FARM1682,Chilli,Uttar Pradesh,Rabi,4.19,Sandy,Drip,8.35,34.99,Quintal,12069.73,34523.55,44712.9,15866.34,8850.18,10216.95,INR_per_Quintal,116022.7,357491.08,241468.38,67.55,208.12,3315.88,11.36,High,High Profit
FARM1683,Maize,Uttar Pradesh,Rabi,2.68,Loamy,Borewell,23.15,62.04,Quintal,3429.83,17389.32,15443.87,8740.45,9692.55,1886.32,INR_per_Quintal,54696.02,117027.29,62331.27,53.26,113.96,881.63,29.0,Medium,Moderate Profit
FARM1684,Onion,Andhra Pradesh,Zaid,9.78,Clay,Drip,84.72,828.56,Quintal,34463.24,84605.0,145776.15,40949.54,29723.55,1430.46,INR_per_Quintal,335517.48,1185221.94,849704.46,71.69,253.25,404.94,234.55,Medium,High Profit
FARM1685,Maize,Telangana,Kharif,7.68,Sandy,Canal,36.92,283.55,Quintal,15308.8,45261.37,41946.69,22252.5,11150.29,1784.36,INR_per_Quintal,135919.65,505955.28,370035.63,73.14,272.25,479.35,76.17,Medium,High Profit
FARM1686,Cotton,Madhya Pradesh,Zaid,7.34,Red Soil,Borewell,16.15,118.54,Quintal,23668.88,48010.78,114896.22,30884.55,20909.27,7839.64,INR_per_Quintal,238369.7,929310.93,690941.23,74.35,289.86,2010.88,30.41,Medium,High Profit
FARM1687,Rice,Punjab,Rabi,1.84,Alluvial,Sprinkler,22.27,40.98,Quintal,2745.18,12531.43,19719.35,4324.33,5759.02,1934.11,INR_per_Quintal,45079.31,79259.83,34180.52,43.12,75.82,1100.03,23.31,Medium,Low Profit
FARM1688,Cotton,Andhra Pradesh,Kharif,9.19,Black Soil,Borewell,13.45,123.61,Quintal,18388.81,86291.04,124493.91,36752.85,22566.75,6743.2,INR_per_Quintal,288493.36,833526.95,545033.59,65.39,188.92,2333.9,42.78,Low,High Profit
FARM1689,Rice,Andhra Pradesh,Rabi,3.36,Alluvial,Rainfed,22.78,76.54,Quintal,4438.0,17272.49,24577.31,7464.21,10148.95,2363.02,INR_per_Quintal,63900.96,180865.55,116964.59,64.67,183.04,834.87,27.04,Medium,Moderate Profit
FARM1690,Rice,Karnataka,Kharif,5.44,Sandy,Drip,26.51,144.21,Quintal,7748.43,46098.56,64366.17,10469.99,15557.1,2481.25,INR_per_Quintal,144240.25,357821.06,213580.81,59.69,148.07,1000.21,58.13,Medium,High Profit
FARM1691,Tomato,Karnataka,Rabi,1.61,Sandy,Borewell,153.53,247.18,Quintal,5633.21,18259.25,31937.8,10703.57,7199.64,814.3,INR_per_Quintal,73733.47,201278.67,127545.2,63.37,172.98,298.3,90.55,High,Moderate Profit
FARM1692,Sugarcane,Madhya Pradesh,Zaid,6.01,Clay,Canal,78.22,470.1,Quintal,33799.53,50227.57,62282.62,44204.96,35140.9,3687.45,INR_per_Quintal,225655.58,1733470.25,1507814.67,86.98,668.19,480.02,61.2,High,High Profit
FARM1693,Chilli,Andhra Pradesh,Rabi,3.31,Sandy,Canal,14.01,46.37,Quintal,8574.06,23721.05,50589.12,9178.82,7908.94,8688.08,INR_per_Quintal,99971.99,402866.27,302894.28,75.18,302.98,2155.96,11.51,High,High Profit
FARM1694,Groundnut,Madhya Pradesh,Kharif,6.5,Red Soil,Drip,15.01,97.56,Quintal,12341.2,35635.31,39022.27,19969.96,10847.65,5125.09,INR_per_Quintal,117816.39,500003.78,382187.39,76.44,324.39,1207.63,22.99,Medium,High Profit
FARM1695,Cotton,Tamil Nadu,Rabi,3.75,Black Soil,Canal,9.95,37.31,Quintal,7867.44,28938.5,37124.74,7991.76,14482.3,8228.7,INR_per_Quintal,96404.74,307012.8,210608.06,68.6,218.46,2583.88,11.72,Low,High Profit
FARM1696,Potato,Tamil Nadu,Kharif,1.43,Alluvial,Rainfed,104.48,149.41,Quintal,12284.63,12468.82,19449.76,6855.83,5650.03,1503.67,INR_per_Quintal,56709.07,224663.33,167954.26,74.76,296.17,379.55,37.71,Medium,High Profit
FARM1697,Rice,Andhra Pradesh,Kharif,3.22,Alluvial,Sprinkler,27.98,90.1,Quintal,6145.51,23150.88,40294.61,8054.86,11744.87,2253.5,INR_per_Quintal,89390.73,203040.35,113649.62,55.97,127.14,992.13,39.67,Medium,Moderate Profit
FARM1698,Onion,Telangana,Zaid,3.78,Alluvial,Sprinkler,76.92,290.76,Quintal,23337.2,22768.39,42610.58,17319.27,7219.91,1610.73,INR_per_Quintal,113255.35,468335.85,355080.5,75.82,313.52,389.51,70.31,High,High Profit
FARM1699,Potato,Tamil Nadu,Rabi,1.37,Black Soil,Drip,118.33,162.11,Quintal,9586.45,9623.7,19209.62,4822.17,3867.16,1330.52,INR_per_Quintal,47109.1,215690.6,168581.5,78.16,357.85,290.6,35.41,Medium,High Profit
FARM1700,Chilli,Maharashtra,Rabi,3.52,Sandy,Borewell,13.56,47.73,Quintal,10921.43,33169.08,49068.14,6378.29,16716.33,7726.67,INR_per_Quintal,116253.27,368793.96,252540.69,68.48,217.23,2435.64,15.05,High,High Profit
FARM1701,Wheat,Maharashtra,Zaid,2.48,Red Soil,Borewell,20.44,50.69,Quintal,2763.9,19454.86,12592.1,3769.96,5591.16,2240.77,INR_per_Quintal,44171.98,113584.63,69412.65,61.11,157.14,871.41,19.71,Medium,Moderate Profit
FARM1702,Rice,Madhya Pradesh,Rabi,11.83,Black Soil,Sprinkler,26.18,309.71,Quintal,15441.52,65105.84,106083.54,21604.64,46907.47,2561.04,INR_per_Quintal,255143.01,793179.7,538036.69,67.83,210.88,823.81,99.62,Medium,High Profit
FARM1703,Potato,Tamil Nadu,Zaid,10.15,Sandy,Drip,113.78,1154.87,Quintal,64825.85,79652.57,82418.3,38020.05,31882.57,1458.15,INR_per_Quintal,296799.34,1683973.69,1387174.35,82.38,467.38,257.0,203.55,Low,High Profit
FARM1704,Sugarcane,Andhra Pradesh,Kharif,8.93,Loamy,Borewell,62.09,554.46,Quintal,34763.07,94824.17,150334.49,52734.84,34252.61,2703.08,INR_per_Quintal,366909.18,1498749.74,1131840.56,75.52,308.48,661.74,135.74,Medium,High Profit
FARM1705,Cotton,Telangana,Zaid,2.13,Alluvial,Drip,14.45,30.78,Quintal,4449.19,15812.59,22353.45,9564.5,5642.27,6496.55,INR_per_Quintal,57822.0,199963.81,142141.81,71.08,245.83,1878.56,8.9,Medium,Moderate Profit
FARM1706,Onion,Punjab,Rabi,8.16,Sandy,Canal,107.74,879.16,Quintal,51617.46,75902.68,97743.03,35330.92,28092.36,1517.13,INR_per_Quintal,288686.45,1333800.01,1045113.56,78.36,362.02,328.37,190.28,Medium,High Profit
FARM1707,Potato,Karnataka,Rabi,5.71,Sandy,Rainfed,130.73,746.47,Quintal,44316.46,46041.02,78317.03,17732.71,10491.17,1063.83,INR_per_Quintal,196898.39,794117.18,597218.79,75.21,303.31,263.77,185.08,High,High Profit
FARM1708,Chilli,Karnataka,Kharif,10.72,Red Soil,Canal,16.13,172.91,Quintal,51571.2,86549.04,189110.51,25683.51,24422.94,7479.17,INR_per_Quintal,377337.2,1293223.28,915886.08,70.82,242.72,2182.28,50.45,High,High Profit
FARM1709,Groundnut,Punjab,Kharif,9.2,Alluvial,Drip,15.57,143.24,Quintal,27723.15,53397.01,67645.81,16234.21,29657.51,5195.98,INR_per_Quintal,194657.69,744272.18,549614.49,73.85,282.35,1358.96,37.46,Medium,High Profit
FARM1710,Onion,Uttar Pradesh,Kharif,2.79,Red Soil,Canal,100.03,279.08,Quintal,15071.43,25765.28,34270.49,7328.54,12808.36,1231.77,INR_per_Quintal,95244.1,343762.37,248518.27,72.29,260.93,341.28,77.32,High,High Profit
FARM1711,Sugarcane,Uttar Pradesh,Zaid,9.87,Loamy,Canal,74.02,730.58,Quintal,55780.94,98307.24,118303.2,64041.22,37913.77,3462.54,INR_per_Quintal,374346.37,2529662.47,2155316.1,85.2,575.75,512.4,108.11,Medium,High Profit
FARM1712,Groundnut,Madhya Pradesh,Rabi,5.95,Alluvial,Sprinkler,10.53,62.65,Quintal,12363.97,30089.76,36093.3,20231.71,8466.1,4302.72,INR_per_Quintal,107244.84,269565.41,162320.57,60.22,151.36,1711.81,24.92,Medium,High Profit
FARM1713,Potato,Uttar Pradesh,Kharif,6.32,Alluvial,Sprinkler,120.69,762.76,Quintal,50193.68,59450.38,62552.12,16824.05,11510.2,1634.82,INR_per_Quintal,200530.43,1246975.3,1046444.87,83.92,521.84,262.9,122.66,Medium,High Profit
FARM1714,Wheat,Andhra Pradesh,Kharif,6.7,Sandy,Rainfed,16.1,107.87,Quintal,10323.18,41314.56,63567.87,10640.73,13723.68,1906.19,INR_per_Quintal,139570.02,205620.72,66050.7,32.12,47.32,1293.87,73.22,High,Moderate Profit
FARM1715,Maize,Uttar Pradesh,Rabi,9.7,Alluvial,Canal,26.42,256.27,Quintal,13338.35,74454.6,54771.04,35866.9,32962.5,1742.2,INR_per_Quintal,211393.39,446473.59,235080.2,52.65,111.21,824.89,121.34,Medium,High Profit
FARM1716,Cotton,Punjab,Zaid,10.76,Loamy,Drip,10.15,109.21,Quintal,24272.58,100118.32,161231.09,37078.43,26426.34,6041.37,INR_per_Quintal,349126.76,659778.02,310651.26,47.08,88.98,3196.84,57.79,Medium,High Profit
FARM1717,Tomato,Punjab,Rabi,4.83,Alluvial,Canal,97.43,470.59,Quintal,15755.63,43399.56,48326.05,32282.82,14915.25,1593.29,INR_per_Quintal,154679.31,749786.34,595107.03,79.37,384.74,328.69,97.08,High,High Profit
FARM1718,Potato,Andhra Pradesh,Rabi,5.63,Red Soil,Canal,113.35,638.16,Quintal,33962.6,44481.55,39828.17,22299.15,10952.75,1590.59,INR_per_Quintal,151524.22,1015050.91,863526.69,85.07,569.89,237.44,95.26,Medium,High Profit
FARM1719,Groundnut,Andhra Pradesh,Kharif,1.65,Alluvial,Borewell,16.98,28.02,Quintal,4829.75,10512.0,17221.94,4865.45,4375.85,6847.24,INR_per_Quintal,41804.99,191859.66,150054.67,78.21,358.94,1491.97,6.11,Medium,High Profit
FARM1720,Potato,Telangana,Zaid,4.68,Clay,Sprinkler,110.74,518.26,Quintal,30129.34,37465.17,43973.67,11754.99,11399.89,1864.25,INR_per_Quintal,134723.06,966166.2,831443.14,86.06,617.15,259.95,72.27,Low,High Profit
FARM1721,Groundnut,Madhya Pradesh,Zaid,1.52,Red Soil,Drip,12.84,19.52,Quintal,5273.91,10922.05,12000.21,4382.41,2841.05,7302.09,INR_per_Quintal,35419.63,142536.8,107117.17,75.15,302.42,1814.53,4.85,Medium,Moderate Profit
FARM1722,Chilli,Telangana,Kharif,10.2,Alluvial,Rainfed,8.66,88.33,Quintal,36320.98,85329.63,118557.17,40129.0,24508.14,7823.98,INR_per_Quintal,304844.92,691092.15,386247.23,55.89,126.7,3451.2,38.96,Medium,High Profit
FARM1723,Onion,Madhya Pradesh,Rabi,4.9,Clay,Borewell,69.28,339.47,Quintal,17830.9,48213.85,60615.08,26727.73,15126.08,2225.24,INR_per_Quintal,168513.64,755402.22,586888.58,77.69,348.27,496.4,75.73,Medium,High Profit
FARM1724,Onion,Karnataka,Rabi,6.49,Black Soil,Drip,80.5,522.45,Quintal,23907.22,54052.83,83824.69,25856.49,24502.68,2297.21,INR_per_Quintal,212143.91,1200177.36,988033.45,82.32,465.74,406.06,92.35,High,High Profit
FARM1725,Chilli,Punjab,Rabi,10.56,Sandy,Sprinkler,14.13,149.21,Quintal,29887.63,64762.89,141470.0,35329.56,47493.03,7986.46,INR_per_Quintal,318943.11,1191659.7,872716.59,73.24,273.63,2137.55,39.94,High,High Profit
FARM1726,Cotton,Telangana,Rabi,6.6,Alluvial,Rainfed,12.57,82.96,Quintal,18392.3,46796.05,52959.83,16083.67,15321.82,6363.49,INR_per_Quintal,149553.67,527915.13,378361.46,71.67,252.99,1802.72,23.5,Low,High Profit
FARM1727,Potato,Madhya Pradesh,Rabi,10.3,Alluvial,Canal,99.27,1022.48,Quintal,76391.95,107597.84,97653.89,51582.07,43858.14,1532.48,INR_per_Quintal,377083.89,1566930.15,1189846.26,75.93,315.54,368.79,246.06,Medium,High Profit
FARM1728,Onion,Madhya Pradesh,Kharif,6.99,Red Soil,Canal,81.56,570.1,Quintal,34787.3,55025.27,90451.78,29013.56,27270.24,2226.21,INR_per_Quintal,236548.15,1269162.32,1032614.17,81.36,436.53,414.92,106.26,Medium,High Profit
FARM1729,Sugarcane,Andhra Pradesh,Zaid,6.95,Loamy,Rainfed,61.44,427.01,Quintal,38088.74,73742.43,90241.26,69062.04,23095.57,2683.05,INR_per_Quintal,294230.04,1145689.18,851459.14,74.32,289.39,689.05,109.66,Medium,High Profit
FARM1730,Maize,Punjab,Zaid,8.99,Loamy,Borewell,28.61,257.2,Quintal,15119.39,69696.25,46125.71,30542.86,28683.31,1782.55,INR_per_Quintal,190167.52,458471.86,268304.34,58.52,141.09,739.38,106.68,High,High Profit
FARM1731,Chilli,Uttar Pradesh,Kharif,8.52,Alluvial,Borewell,17.34,147.74,Quintal,35074.32,72379.84,80833.91,24457.17,37207.02,10042.24,INR_per_Quintal,249952.26,1483640.54,1233688.28,83.15,493.57,1691.84,24.89,Medium,High Profit
FARM1732,Groundnut,Maharashtra,Kharif,3.31,Alluvial,Sprinkler,17.82,58.98,Quintal,7460.34,19110.92,20318.17,5825.24,7059.74,6397.93,INR_per_Quintal,59774.41,377349.91,317575.5,84.16,531.29,1013.47,9.34,Medium,High Profit
FARM1733,Chilli,Uttar Pradesh,Rabi,1.92,Red Soil,Borewell,8.39,16.11,Quintal,6834.27,14133.01,27934.45,5973.83,4311.55,7268.81,INR_per_Quintal,59187.11,117100.53,57913.42,49.46,97.85,3673.94,8.14,Medium,Moderate Profit
FARM1734,Tomato,Punjab,Kharif,4.11,Loamy,Canal,103.82,426.7,Quintal,19654.63,49158.69,61863.75,17327.81,16851.31,1680.58,INR_per_Quintal,164856.19,717103.49,552247.3,77.01,334.99,386.35,98.09,High,High Profit
FARM1735,Tomato,Telangana,Zaid,1.92,Red Soil,Canal,79.59,152.81,Quintal,8592.38,13848.64,27772.71,11752.25,8926.63,1454.22,INR_per_Quintal,70892.61,222219.36,151326.75,68.1,213.46,463.93,48.75,Medium,High Profit
FARM1736,Tomato,Karnataka,Rabi,1.18,Sandy,Borewell,103.83,122.52,Quintal,4330.44,9154.27,15139.23,6245.8,6436.19,1155.71,INR_per_Quintal,41305.93,141597.59,100291.66,70.83,242.8,337.14,35.74,High,Moderate Profit
FARM1737,Sugarcane,Madhya Pradesh,Rabi,3.17,Alluvial,Sprinkler,90.48,286.82,Quintal,16212.3,30332.52,44637.56,17888.99,8695.07,3054.16,INR_per_Quintal,117766.44,875994.17,758227.73,86.56,643.84,410.59,38.56,Medium,High Profit
FARM1738,Maize,Madhya Pradesh,Kharif,5.95,Clay,Rainfed,27.9,166.0,Quintal,7997.73,48385.64,53329.8,19615.16,12525.01,2525.74,INR_per_Quintal,141853.34,419272.84,277419.5,66.17,195.57,854.54,56.16,Medium,High Profit
FARM1739,Potato,Madhya Pradesh,Rabi,9.53,Clay,Canal,116.81,1113.2,Quintal,77465.24,82548.87,126383.97,29254.81,28326.19,1135.92,INR_per_Quintal,343979.08,1264506.14,920527.06,72.8,267.61,309.0,302.82,Medium,High Profit
FARM1740,Groundnut,Telangana,Kharif,11.47,Red Soil,Rainfed,17.49,200.61,Quintal,38119.09,63288.92,135034.87,32173.07,16023.85,4526.49,INR_per_Quintal,284639.8,908059.16,623419.36,68.65,219.02,1418.87,62.88,Medium,High Profit
FARM1741,Chilli,Karnataka,Kharif,4.79,Alluvial,Sprinkler,15.17,72.66,Quintal,20236.68,47314.2,65463.04,20997.04,20589.3,7501.98,INR_per_Quintal,174600.26,545093.87,370493.61,67.97,212.2,2402.98,23.27,Medium,High Profit
FARM1742,Potato,Telangana,Zaid,3.67,Sandy,Rainfed,101.37,372.03,Quintal,31925.08,25953.56,52940.73,9577.58,14228.04,1770.21,INR_per_Quintal,134624.99,658571.23,523946.24,79.56,389.19,361.87,76.05,Medium,High Profit
FARM1743,Groundnut,Uttar Pradesh,Kharif,9.85,Black Soil,Borewell,18.43,181.54,Quintal,31284.56,45996.79,96272.47,23258.42,16325.4,5364.48,INR_per_Quintal,213137.64,973867.7,760730.06,78.11,356.92,1174.05,39.73,Medium,High Profit
FARM1744,Groundnut,Telangana,Rabi,5.66,Black Soil,Canal,18.56,105.05,Quintal,12703.55,24559.6,60335.24,13190.93,12632.77,6312.36,INR_per_Quintal,123422.09,663113.42,539691.33,81.39,437.27,1174.89,19.55,Medium,High Profit
FARM1745,Wheat,Andhra Pradesh,Zaid,2.53,Sandy,Drip,21.21,53.66,Quintal,3397.04,18488.8,18405.78,4947.6,6574.8,2617.41,INR_per_Quintal,51814.02,140450.22,88636.2,63.11,171.07,965.6,19.8,Low,Moderate Profit
FARM1746,Potato,Telangana,Rabi,10.62,Clay,Borewell,93.1,988.72,Quintal,93417.36,103293.83,91708.42,33777.7,47301.59,1737.28,INR_per_Quintal,369498.9,1717683.48,1348184.58,78.49,364.87,373.71,212.69,Medium,High Profit
FARM1747,Wheat,Uttar Pradesh,Zaid,11.56,Black Soil,Sprinkler,24.66,285.07,Quintal,16906.33,72114.01,97267.91,22823.0,16648.92,2472.96,INR_per_Quintal,225760.17,704966.71,479206.54,67.98,212.26,791.95,91.29,High,High Profit
FARM1748,Wheat,Maharashtra,Zaid,4.28,Alluvial,Rainfed,23.38,100.07,Quintal,7336.89,27465.78,28020.92,12395.35,13411.05,2178.09,INR_per_Quintal,88629.99,217961.47,129331.48,59.34,145.92,885.68,40.69,Medium,Moderate Profit
FARM1749,Groundnut,Tamil Nadu,Rabi,4.53,Loamy,Rainfed,15.48,70.12,Quintal,13735.95,25166.4,49374.38,8096.77,8173.27,4830.52,INR_per_Quintal,104546.77,338716.06,234169.29,69.13,223.99,1490.97,21.64,Medium,High Profit
FARM1750,Potato,Punjab,Kharif,6.02,Red Soil,Canal,77.92,469.08,Quintal,48832.36,42441.14,72149.59,21264.74,11645.98,2126.54,INR_per_Quintal,196333.81,997517.38,801183.57,80.32,408.07,418.55,92.33,Medium,High Profit
FARM1751,Onion,Uttar Pradesh,Kharif,9.33,Clay,Canal,116.93,1090.96,Quintal,53651.06,52760.49,97271.75,39614.12,40590.0,1996.96,INR_per_Quintal,283887.42,2178603.48,1894716.06,86.97,667.42,260.22,142.16,Medium,High Profit
FARM1752,Onion,Uttar Pradesh,Zaid,10.61,Sandy,Canal,121.07,1284.55,Quintal,44280.58,97319.6,83704.77,43971.03,39622.21,1716.74,INR_per_Quintal,308898.19,2205238.37,1896340.18,85.99,613.9,240.47,179.93,High,High Profit
FARM1753,Maize,Karnataka,Kharif,8.37,Loamy,Canal,23.26,194.69,Quintal,12976.09,65540.19,75877.84,28682.77,20197.49,2285.44,INR_per_Quintal,203274.38,444952.31,241677.93,54.32,118.89,1044.09,88.94,Medium,High Profit
FARM1754,Groundnut,Andhra Pradesh,Kharif,9.43,Alluvial,Drip,15.64,147.49,Quintal,17530.49,43313.12,112403.49,32977.14,25536.73,4672.39,INR_per_Quintal,231760.97,689130.8,457369.83,66.37,197.35,1571.37,49.6,Medium,High Profit
FARM1755,Sugarcane,Uttar Pradesh,Rabi,1.39,Black Soil,Rainfed,83.71,116.36,Quintal,6120.43,14376.5,20531.97,9579.91,8053.37,3031.24,INR_per_Quintal,58662.18,352715.09,294052.91,83.37,501.26,504.14,19.35,Medium,High Profit
FARM1756,Onion,Punjab,Zaid,9.5,Alluvial,Canal,90.88,863.36,Quintal,42167.62,60575.37,118260.49,29697.54,36570.77,1648.02,INR_per_Quintal,287271.79,1422834.55,1135562.76,79.81,395.29,332.74,174.31,High,High Profit
FARM1757,Cotton,Andhra Pradesh,Zaid,3.04,Clay,Sprinkler,14.02,42.62,Quintal,6992.0,22026.68,34767.33,12044.33,12006.89,7804.46,INR_per_Quintal,87837.23,332626.09,244788.86,73.59,278.68,2060.94,11.25,Medium,High Profit
FARM1758,Sugarcane,Punjab,Zaid,7.44,Red Soil,Drip,67.9,505.18,Quintal,35056.88,80276.82,103977.01,46848.36,28093.37,3468.53,INR_per_Quintal,294252.44,1752231.99,1457979.55,83.21,495.49,582.47,84.83,High,High Profit
FARM1759,Rice,Tamil Nadu,Kharif,1.33,Loamy,Drip,20.46,27.21,Quintal,2291.69,11803.91,10674.68,4030.07,2902.69,2743.77,INR_per_Quintal,31703.04,74657.98,42954.94,57.54,135.49,1165.12,11.55,Low,Low Profit
FARM1760,Wheat,Punjab,Kharif,3.74,Loamy,Canal,16.74,62.61,Quintal,4610.57,20979.38,22983.78,12608.86,8417.36,2387.52,INR_per_Quintal,69599.95,149482.63,79882.68,53.44,114.77,1111.64,29.15,Medium,Moderate Profit
FARM1761,Tomato,Punjab,Kharif,9.19,Alluvial,Drip,138.13,1269.41,Quintal,44968.06,60892.77,112097.46,43378.21,35002.13,1098.89,INR_per_Quintal,296338.63,1394941.95,1098603.32,78.76,370.73,233.45,269.67,Medium,High Profit
FARM1762,Tomato,Telangana,Kharif,5.77,Clay,Borewell,83.37,481.04,Quintal,19180.13,38215.53,81588.73,33731.3,18273.96,1233.9,INR_per_Quintal,190989.65,593555.26,402565.61,67.82,210.78,397.03,154.79,High,High Profit
FARM1763,Potato,Madhya Pradesh,Zaid,3.36,Red Soil,Canal,124.07,416.88,Quintal,23606.47,27663.9,34823.34,15533.97,13510.7,1344.85,INR_per_Quintal,115138.38,560641.07,445502.69,79.46,386.93,276.19,85.61,Medium,High Profit
FARM1764,Tomato,Madhya Pradesh,Rabi,6.42,Loamy,Sprinkler,139.16,893.41,Quintal,20345.15,39800.14,68173.4,37107.87,37916.59,1099.21,INR_per_Quintal,203343.15,982045.21,778702.06,79.29,382.95,227.6,184.99,High,High Profit
FARM1765,Tomato,Uttar Pradesh,Zaid,3.88,Red Soil,Borewell,156.77,608.27,Quintal,12953.2,42822.15,43726.79,24940.68,20892.7,1108.31,INR_per_Quintal,145335.52,674151.72,528816.2,78.44,363.86,238.93,131.13,Medium,High Profit
FARM1766,Onion,Maharashtra,Zaid,5.15,Clay,Drip,73.36,377.8,Quintal,28585.76,50524.57,48376.54,26595.62,9963.96,2397.11,INR_per_Quintal,164046.45,905628.16,741581.71,81.89,452.06,434.22,68.44,High,High Profit
FARM1767,Tomato,Punjab,Rabi,6.25,Loamy,Rainfed,96.24,601.5,Quintal,28272.98,72343.31,115777.67,33649.01,29997.28,1337.17,INR_per_Quintal,280040.25,804307.76,524267.51,65.18,187.21,465.57,209.43,High,High Profit
FARM1768,Chilli,Telangana,Rabi,5.69,Clay,Borewell,15.39,87.57,Quintal,24427.25,46201.24,66349.95,13040.26,20536.35,9988.59,INR_per_Quintal,170555.05,874700.83,704145.78,80.5,412.86,1947.64,17.07,Medium,High Profit
FARM1769,Tomato,Karnataka,Zaid,8.97,Sandy,Rainfed,115.95,1040.07,Quintal,36271.64,74103.77,188598.34,50579.06,51598.45,1080.63,INR_per_Quintal,401151.26,1123930.84,722779.58,64.31,180.18,385.7,371.22,Medium,High Profit
FARM1770,Chilli,Maharashtra,Rabi,11.56,Black Soil,Rainfed,16.22,187.5,Quintal,56016.8,90373.44,182768.88,49616.81,51095.88,7826.26,INR_per_Quintal,429871.81,1467423.75,1037551.94,70.71,241.36,2292.65,54.93,Medium,High Profit
FARM1771,Wheat,Karnataka,Rabi,11.86,Alluvial,Canal,18.19,215.73,Quintal,16948.45,59620.35,89735.15,40186.93,33979.79,2791.81,INR_per_Quintal,240470.67,602277.17,361806.5,60.07,150.46,1114.68,86.13,Medium,High Profit
FARM1772,Sugarcane,Tamil Nadu,Rabi,7.69,Loamy,Sprinkler,69.36,533.38,Quintal,33409.91,74075.54,78501.1,43815.45,38373.98,3394.03,INR_per_Quintal,268175.98,1810307.72,1542131.74,85.19,575.04,502.79,79.01,Medium,High Profit
FARM1773,Sugarcane,Maharashtra,Zaid,3.86,Black Soil,Drip,85.24,329.03,Quintal,15254.83,50497.71,60307.8,26048.93,22202.51,3566.46,INR_per_Quintal,174311.78,1173472.33,999160.55,85.15,573.2,529.77,48.88,Medium,High Profit
FARM1774,Rice,Uttar Pradesh,Kharif,10.67,Clay,Rainfed,28.39,302.92,Quintal,19712.71,67811.11,140718.24,32482.11,38756.85,2035.79,INR_per_Quintal,299481.02,616681.51,317200.49,51.44,105.92,988.65,147.11,Medium,High Profit
FARM1775,Potato,Punjab,Zaid,7.28,Loamy,Borewell,97.41,709.14,Quintal,48944.87,76241.1,107167.26,37759.49,19409.34,1396.07,INR_per_Quintal,289522.06,990009.08,700487.02,70.76,241.95,408.27,207.38,Medium,High Profit
FARM1776,Chilli,Andhra Pradesh,Rabi,5.16,Red Soil,Sprinkler,18.09,93.34,Quintal,19588.25,42717.42,72116.02,21098.71,22727.65,12432.27,INR_per_Quintal,178248.05,1160428.08,982180.03,84.64,551.02,1909.66,14.34,High,High Profit
FARM1777,Rice,Karnataka,Kharif,7.72,Alluvial,Sprinkler,29.27,225.96,Quintal,12118.51,46426.59,61249.86,20093.76,28409.17,2478.31,INR_per_Quintal,168297.89,559998.93,391701.04,69.95,232.74,744.81,67.91,Medium,High Profit
FARM1778,Potato,Madhya Pradesh,Kharif,3.37,Sandy,Sprinkler,126.15,425.13,Quintal,24624.61,24099.89,31166.1,11041.67,9206.84,1255.33,INR_per_Quintal,100139.11,533678.44,433539.33,81.24,432.94,235.55,79.77,Medium,High Profit
FARM1779,Maize,Uttar Pradesh,Rabi,5.25,Black Soil,Borewell,36.25,190.31,Quintal,10271.69,34352.26,28860.54,14406.48,10165.33,2202.2,INR_per_Quintal,98056.3,419100.68,321044.38,76.6,327.41,515.25,44.53,Medium,High Profit
FARM1780,Potato,Tamil Nadu,Zaid,4.42,Loamy,Rainfed,112.19,495.88,Quintal,31872.62,31764.67,54918.04,16845.75,8470.15,2111.43,INR_per_Quintal,143871.23,1047015.91,903144.68,86.26,627.75,290.13,68.14,Medium,High Profit
FARM1781,Tomato,Karnataka,Zaid,2.72,Red Soil,Borewell,116.27,316.25,Quintal,10965.81,30530.11,32838.07,16861.69,11648.79,1024.49,INR_per_Quintal,102844.47,323994.96,221150.49,68.26,215.03,325.2,100.39,Medium,High Profit
FARM1782,Wheat,Telangana,Kharif,5.68,Sandy,Borewell,21.98,124.85,Quintal,7692.82,38260.05,53981.76,14772.27,17361.8,1965.85,INR_per_Quintal,132068.7,245436.37,113367.67,46.19,85.84,1057.82,67.18,Medium,Moderate Profit
FARM1783,Rice,Madhya Pradesh,Kharif,1.93,Loamy,Canal,29.06,56.09,Quintal,2666.87,17326.27,24061.78,7422.35,7290.1,1888.48,INR_per_Quintal,58767.37,105924.84,47157.47,44.52,80.24,1047.73,31.12,Medium,Low Profit
FARM1784,Maize,Uttar Pradesh,Kharif,8.89,Clay,Drip,22.56,200.56,Quintal,9319.31,48819.15,81290.56,16948.92,15149.82,1952.34,INR_per_Quintal,171527.76,391561.31,220033.55,56.19,128.28,855.24,87.86,Medium,High Profit
FARM1785,Rice,Maharashtra,Kharif,10.96,Loamy,Rainfed,30.27,331.76,Quintal,15218.59,86344.39,95900.68,42187.12,39117.36,1838.16,INR_per_Quintal,278768.14,609827.96,331059.82,54.29,118.76,840.27,151.66,Medium,High Profit
FARM1786,Onion,Karnataka,Rabi,9.01,Black Soil,Borewell,65.84,593.22,Quintal,47225.12,69023.28,93732.6,44640.11,40093.39,2581.38,INR_per_Quintal,294714.5,1531326.24,1236611.74,80.75,419.6,496.8,114.17,Medium,High Profit
FARM1787,Maize,Punjab,Zaid,1.73,Loamy,Sprinkler,27.79,48.08,Quintal,2341.83,11827.37,9867.47,5282.98,4502.78,1867.17,INR_per_Quintal,33822.43,89773.53,55951.1,62.32,165.43,703.46,18.11,Low,Moderate Profit
FARM1788,Rice,Tamil Nadu,Rabi,2.92,Black Soil,Drip,19.88,58.05,Quintal,4024.9,15981.86,23762.11,8521.98,10029.17,1972.65,INR_per_Quintal,62320.02,114512.33,52192.31,45.58,83.75,1073.56,31.59,Medium,Moderate Profit
FARM1789,Onion,Andhra Pradesh,Zaid,4.44,Loamy,Rainfed,60.71,269.55,Quintal,20557.67,33818.34,58383.8,16873.09,15773.44,1451.61,INR_per_Quintal,145406.34,391281.48,245875.14,62.84,169.1,539.44,100.17,High,High Profit
FARM1790,Rice,Madhya Pradesh,Kharif,3.73,Sandy,Sprinkler,28.05,104.63,Quintal,4706.35,33479.2,27530.91,13490.09,12498.01,2478.0,INR_per_Quintal,91704.56,259273.14,167568.58,64.63,182.73,876.47,37.01,Medium,High Profit
FARM1791,Rice,Tamil Nadu,Zaid,9.14,Clay,Canal,20.06,183.35,Quintal,16864.05,76628.9,93609.79,21214.74,26342.12,1863.09,INR_per_Quintal,234659.6,341597.55,106937.95,31.31,45.57,1279.85,125.95,Medium,Moderate Profit
FARM1792,Maize,Punjab,Zaid,3.2,Red Soil,Canal,19.76,63.23,Quintal,4062.2,23681.23,32865.56,8947.84,6370.5,1877.37,INR_per_Quintal,75927.33,118706.11,42778.78,36.04,56.34,1200.81,40.44,Medium,Low Profit
FARM1793,Maize,Karnataka,Kharif,3.04,Red Soil,Sprinkler,25.74,78.25,Quintal,3659.46,16055.28,21638.99,5763.15,4798.58,2059.99,INR_per_Quintal,51915.46,161194.22,109278.76,67.79,210.49,663.46,25.2,Medium,Moderate Profit
FARM1794,Rice,Maharashtra,Rabi,7.65,Alluvial,Canal,19.8,151.47,Quintal,16306.27,51008.39,65789.76,27820.57,19563.57,2252.31,INR_per_Quintal,180488.56,341157.4,160668.84,47.1,89.02,1191.58,80.13,High,High Profit
FARM1795,Chilli,Madhya Pradesh,Zaid,10.64,Clay,Rainfed,15.2,161.73,Quintal,52113.78,108998.98,170004.57,35744.13,26614.19,10612.61,INR_per_Quintal,393475.65,1716377.42,1322901.77,77.08,336.21,2432.92,37.08,High,High Profit
FARM1796,Maize,Maharashtra,Kharif,5.44,Alluvial,Canal,30.1,163.74,Quintal,6649.47,35775.14,27658.71,16991.31,10506.45,1575.55,INR_per_Quintal,97581.08,257980.56,160399.48,62.18,164.38,595.95,61.93,Medium,High Profit
FARM1797,Tomato,Andhra Pradesh,Kharif,4.75,Black Soil,Drip,135.36,642.96,Quintal,23296.67,45817.66,102020.98,22098.17,19398.05,1014.24,INR_per_Quintal,212631.53,652115.75,439484.22,67.39,206.69,330.71,209.65,Medium,High Profit
FARM1798,Sugarcane,Andhra Pradesh,Zaid,6.58,Loamy,Sprinkler,71.86,472.84,Quintal,34490.12,73034.28,97968.36,34783.46,26246.09,2897.9,INR_per_Quintal,266522.31,1370243.04,1103720.73,80.55,414.12,563.66,91.97,High,High Profit
FARM1799,Groundnut,Madhya Pradesh,Rabi,1.44,Sandy,Borewell,11.49,16.55,Quintal,4850.85,6759.0,9566.09,4536.8,3126.08,4915.81,INR_per_Quintal,28838.82,81356.66,52517.84,64.55,182.11,1742.53,5.87,Medium,Moderate Profit
FARM1800,Wheat,Karnataka,Rabi,9.81,Clay,Borewell,25.12,246.43,Quintal,17344.72,47030.0,52261.96,32336.82,20071.51,2047.08,INR_per_Quintal,169045.01,504461.92,335416.91,66.49,198.42,685.98,82.58,Medium,High Profit
FARM1801,Sugarcane,Karnataka,Rabi,6.87,Black Soil,Rainfed,65.52,450.12,Quintal,26935.26,67001.45,80346.51,49957.5,34068.26,3085.67,INR_per_Quintal,258308.98,1388921.78,1130612.8,81.4,437.7,573.87,83.71,Medium,High Profit
FARM1802,Tomato,Andhra Pradesh,Kharif,10.22,Clay,Borewell,91.89,939.12,Quintal,40183.04,72920.41,123377.55,55773.86,42450.92,1902.57,INR_per_Quintal,334705.78,1786741.54,1452035.76,81.27,433.82,356.4,175.92,High,High Profit
FARM1803,Rice,Punjab,Kharif,1.83,Black Soil,Rainfed,29.47,53.93,Quintal,3567.56,14777.35,19331.04,6577.02,7054.94,2485.15,INR_per_Quintal,51307.91,134024.14,82716.23,61.72,161.22,951.38,20.65,Medium,Moderate Profit
FARM1804,Tomato,Karnataka,Zaid,2.32,Sandy,Drip,137.03,317.91,Quintal,10941.83,15760.35,24176.8,13651.38,13651.23,936.36,INR_per_Quintal,78181.59,297678.21,219496.62,73.74,280.75,245.92,83.5,High,High Profit
FARM1805,Sugarcane,Tamil Nadu,Kharif,9.31,Sandy,Rainfed,84.72,788.74,Quintal,38817.85,77306.26,104724.47,47744.05,48965.26,2951.81,INR_per_Quintal,317557.89,2328210.62,2010652.73,86.36,633.16,402.61,107.58,Medium,High Profit
FARM1806,Groundnut,Uttar Pradesh,Rabi,10.21,Black Soil,Rainfed,13.23,135.08,Quintal,22247.97,42742.91,116280.57,15423.17,21307.62,5641.81,INR_per_Quintal,218002.24,762095.69,544093.45,71.39,249.58,1613.88,38.64,Medium,High Profit
FARM1807,Tomato,Andhra Pradesh,Kharif,10.61,Red Soil,Drip,138.75,1472.14,Quintal,48166.44,111854.46,156900.69,46317.82,28943.9,1245.14,INR_per_Quintal,392183.31,1833020.4,1440837.09,78.6,367.39,266.4,314.97,High,High Profit
FARM1808,Wheat,Punjab,Zaid,10.43,Loamy,Borewell,25.85,269.62,Quintal,16262.17,56813.94,79229.06,35560.51,36183.22,2182.7,INR_per_Quintal,224048.9,588499.57,364450.67,61.93,162.67,830.98,102.65,Medium,High Profit
FARM1809,Potato,Karnataka,Kharif,2.87,Red Soil,Rainfed,111.7,320.58,Quintal,25692.5,24873.98,29133.49,12386.85,9195.25,1381.69,INR_per_Quintal,101282.07,442942.18,341660.11,77.13,337.34,315.93,73.3,Low,High Profit
FARM1810,Onion,Karnataka,Kharif,4.32,Clay,Canal,60.22,260.15,Quintal,18636.01,43198.3,50436.62,12660.41,11948.27,2291.77,INR_per_Quintal,136879.61,596203.97,459324.36,77.04,335.57,526.16,59.73,High,High Profit
FARM1811,Groundnut,Maharashtra,Rabi,5.45,Loamy,Canal,10.95,59.68,Quintal,17146.57,22850.7,56362.08,16578.26,12756.86,4973.33,INR_per_Quintal,125694.47,296808.33,171113.86,57.65,136.13,2106.14,25.27,Low,High Profit
FARM1812,Wheat,Tamil Nadu,Rabi,3.66,Black Soil,Canal,18.53,67.82,Quintal,3805.14,22288.11,33798.59,8148.77,10855.75,2754.96,INR_per_Quintal,78896.36,186841.39,107945.03,57.77,136.82,1163.32,28.64,Medium,Moderate Profit
FARM1813,Cotton,Uttar Pradesh,Kharif,10.46,Loamy,Sprinkler,13.76,143.93,Quintal,26494.04,73433.46,164102.28,39152.29,35575.33,6061.03,INR_per_Quintal,338757.4,872364.05,533606.65,61.17,157.52,2353.63,55.89,Medium,High Profit
FARM1814,Sugarcane,Punjab,Rabi,3.08,Sandy,Drip,70.19,216.19,Quintal,15347.33,40024.94,52195.77,20366.89,19209.71,3484.2,INR_per_Quintal,147144.64,753249.2,606104.56,80.47,411.91,680.63,42.23,Medium,High Profit
FARM1815,Chilli,Telangana,Kharif,8.31,Clay,Canal,13.55,112.6,Quintal,27699.49,64892.59,139530.76,36771.44,33566.55,10073.55,INR_per_Quintal,302460.83,1134281.73,831820.9,73.33,275.02,2686.15,30.03,High,High Profit
FARM1816,Maize,Tamil Nadu,Zaid,10.91,Black Soil,Borewell,26.13,285.08,Quintal,18697.8,61271.01,110114.6,20517.7,21203.65,1893.58,INR_per_Quintal,231804.76,539821.79,308017.03,57.06,132.88,813.12,122.42,Medium,High Profit
FARM1817,Rice,Tamil Nadu,Rabi,2.01,Alluvial,Rainfed,17.46,35.09,Quintal,3974.88,16944.37,16107.8,5108.3,3751.53,2074.93,INR_per_Quintal,45886.88,72809.29,26922.41,36.98,58.67,1307.69,22.11,High,Low Profit
FARM1818,Potato,Punjab,Rabi,4.8,Black Soil,Canal,114.19,548.11,Quintal,42786.3,36253.94,59369.02,23387.73,15781.02,1396.44,INR_per_Quintal,177578.01,765402.73,587824.72,76.8,331.02,323.98,127.16,Medium,High Profit
FARM1819,Wheat,Tamil Nadu,Zaid,8.81,Sandy,Sprinkler,27.67,243.77,Quintal,11665.27,58417.42,70048.09,16412.04,22751.63,2229.99,INR_per_Quintal,179294.45,543604.66,364310.21,67.02,203.19,735.51,80.4,Medium,High Profit
FARM1820,Onion,Telangana,Zaid,5.64,Red Soil,Canal,92.08,519.33,Quintal,25401.83,46906.57,46053.88,33723.84,22875.03,1534.13,INR_per_Quintal,174961.15,796719.73,621758.58,78.04,355.37,336.9,114.05,High,High Profit
FARM1821,Potato,Tamil Nadu,Rabi,8.72,Clay,Sprinkler,123.47,1076.66,Quintal,65856.86,73022.31,115220.05,21960.54,20774.7,1843.28,INR_per_Quintal,296834.46,1984585.84,1687751.38,85.04,568.58,275.7,161.04,Medium,High Profit
FARM1822,Groundnut,Maharashtra,Zaid,5.01,Clay,Canal,14.74,73.85,Quintal,16186.39,23345.31,38136.46,13487.41,12879.82,7476.26,INR_per_Quintal,104035.39,552121.8,448086.41,81.16,430.71,1408.74,13.92,Low,High Profit
FARM1823,Wheat,Andhra Pradesh,Kharif,10.31,Black Soil,Drip,24.79,255.58,Quintal,17015.03,60462.13,91833.09,19717.73,26515.02,2502.93,INR_per_Quintal,215543.0,639698.85,424155.85,66.31,196.78,843.35,86.12,Medium,High Profit
FARM1824,Rice,Maharashtra,Zaid,6.09,Black Soil,Borewell,24.63,150.0,Quintal,12439.96,53651.39,55828.8,20593.72,18420.01,1809.34,INR_per_Quintal,160933.88,271401.0,110467.12,40.7,68.64,1072.89,88.95,Medium,Moderate Profit
FARM1825,Maize,Andhra Pradesh,Kharif,1.52,Loamy,Canal,20.94,31.83,Quintal,2584.27,9104.62,15424.71,3693.23,5682.79,2053.57,INR_per_Quintal,36489.62,65365.13,28875.51,44.18,79.13,1146.39,17.77,Medium,Low Profit
FARM1826,Onion,Andhra Pradesh,Kharif,4.97,Loamy,Borewell,94.76,470.96,Quintal,21725.68,35067.47,70687.75,17452.3,11882.6,2006.62,INR_per_Quintal,156815.8,945037.76,788221.96,83.41,502.64,332.97,78.15,High,High Profit
FARM1827,Potato,Telangana,Rabi,7.24,Black Soil,Rainfed,112.37,813.56,Quintal,44881.25,64480.36,75551.92,30104.93,14386.23,2079.93,INR_per_Quintal,229404.69,1692147.85,1462743.16,86.44,637.63,281.98,110.29,Medium,High Profit
FARM1828,Rice,Andhra Pradesh,Kharif,7.49,Alluvial,Borewell,18.17,136.09,Quintal,12784.06,46735.01,86457.03,17212.58,12270.15,1919.84,INR_per_Quintal,175458.83,261271.03,85812.2,32.84,48.91,1289.29,91.39,Medium,Moderate Profit
FARM1829,Potato,Punjab,Kharif,6.83,Loamy,Canal,104.67,714.9,Quintal,34372.37,63654.56,65425.28,35550.43,16905.81,1962.51,INR_per_Quintal,215908.45,1402998.4,1187089.95,84.61,549.81,302.01,110.02,Medium,High Profit
FARM1830,Tomato,Uttar Pradesh,Rabi,9.11,Alluvial,Canal,104.55,952.45,Quintal,32099.1,94619.79,172006.78,51896.76,46971.03,1234.48,INR_per_Quintal,397593.46,1175780.48,778187.02,66.18,195.72,417.44,322.07,Medium,High Profit
FARM1831,Groundnut,Tamil Nadu,Zaid,6.13,Loamy,Drip,19.91,122.05,Quintal,17742.94,29610.52,38511.95,14753.14,17655.84,6023.24,INR_per_Quintal,118274.39,735136.44,616862.05,83.91,521.55,969.07,19.64,Medium,High Profit
FARM1832,Tomato,Uttar Pradesh,Zaid,4.14,Loamy,Canal,89.54,370.7,Quintal,12528.81,39704.78,63319.37,16840.52,24969.85,893.0,INR_per_Quintal,157363.33,331035.1,173671.77,52.46,110.36,424.5,176.22,High,High Profit
FARM1833,Tomato,Tamil Nadu,Zaid,10.43,Red Soil,Sprinkler,128.05,1335.56,Quintal,46132.43,94692.4,126331.25,33717.17,30681.43,1302.04,INR_per_Quintal,331554.68,1738952.54,1407397.86,80.93,424.48,248.25,254.64,Medium,High Profit
FARM1834,Onion,Uttar Pradesh,Rabi,3.63,Sandy,Sprinkler,74.05,268.8,Quintal,23070.72,36216.11,49727.98,19306.29,10121.68,2079.84,INR_per_Quintal,138442.78,559060.99,420618.21,75.24,303.82,515.04,66.56,High,High Profit
FARM1835,Potato,Andhra Pradesh,Zaid,2.89,Red Soil,Drip,76.71,221.69,Quintal,14488.87,24720.85,28943.34,15239.93,5977.94,1890.79,INR_per_Quintal,89370.93,419169.24,329798.31,78.68,369.02,403.13,47.27,Medium,High Profit
FARM1836,Onion,Madhya Pradesh,Rabi,7.51,Loamy,Rainfed,78.53,589.76,Quintal,44216.74,37984.41,81799.72,22807.18,25661.12,2326.78,INR_per_Quintal,212469.17,1372241.77,1159772.6,84.52,545.85,360.26,91.31,High,High Profit
FARM1837,Tomato,Punjab,Kharif,4.77,Loamy,Canal,100.46,479.19,Quintal,13131.88,41429.69,73863.91,19658.93,17983.95,1379.91,INR_per_Quintal,166068.36,661239.07,495170.71,74.89,298.17,346.56,120.35,Medium,High Profit
FARM1838,Tomato,Madhya Pradesh,Kharif,10.83,Red Soil,Rainfed,153.6,1663.49,Quintal,49178.76,116626.61,195058.51,75085.17,43812.45,1275.13,INR_per_Quintal,479761.5,2121166.0,1641404.5,77.38,342.13,288.41,376.25,Medium,High Profit
FARM1839,Chilli,Punjab,Zaid,9.27,Alluvial,Canal,9.5,88.06,Quintal,39774.05,97377.73,149216.15,31604.13,21631.34,9494.64,INR_per_Quintal,339603.4,836098.0,496494.6,59.38,146.2,3856.5,35.77,Medium,High Profit
FARM1840,Chilli,Tamil Nadu,Zaid,4.95,Loamy,Borewell,13.0,64.35,Quintal,14664.03,45614.52,50878.47,14675.48,17310.2,7699.34,INR_per_Quintal,143142.7,495452.53,352309.83,71.11,246.12,2224.44,18.59,High,High Profit
FARM1841,Sugarcane,Tamil Nadu,Zaid,10.29,Alluvial,Canal,78.35,806.22,Quintal,41359.34,110996.51,107261.54,90232.24,37267.57,3115.07,INR_per_Quintal,387117.2,2511431.74,2124314.54,84.59,548.75,480.16,124.27,Medium,High Profit
FARM1842,Groundnut,Andhra Pradesh,Zaid,4.65,Clay,Borewell,12.55,58.36,Quintal,10269.61,20021.77,40977.81,9302.34,13498.76,4799.13,INR_per_Quintal,94070.29,280077.23,186006.94,66.41,197.73,1611.9,19.6,Medium,High Profit
FARM1843,Sugarcane,Telangana,Kharif,4.31,Alluvial,Drip,58.79,253.38,Quintal,22269.8,58299.71,47646.08,40018.64,17903.23,3302.85,INR_per_Quintal,186137.46,836876.13,650738.67,77.76,349.6,734.62,56.36,Medium,High Profit
FARM1844,Sugarcane,Uttar Pradesh,Rabi,10.01,Alluvial,Borewell,72.53,726.03,Quintal,39408.71,96123.69,108982.13,95492.47,56774.25,3213.83,INR_per_Quintal,396781.25,2333336.99,1936555.74,83.0,488.07,546.51,123.46,Medium,High Profit
FARM1845,Groundnut,Andhra Pradesh,Kharif,5.3,Clay,Borewell,10.54,55.86,Quintal,14809.04,25730.07,40601.53,12715.16,10091.34,7693.34,INR_per_Quintal,103947.14,429749.97,325802.83,75.81,313.43,1860.85,13.51,Medium,High Profit
FARM1846,Sugarcane,Maharashtra,Zaid,4.79,Alluvial,Canal,61.12,292.76,Quintal,20577.64,64188.86,62481.98,36687.49,24701.97,3273.12,INR_per_Quintal,208637.94,958238.61,749600.67,78.23,359.28,712.66,63.74,High,High Profit
FARM1847,Cotton,Karnataka,Kharif,2.33,Clay,Drip,15.02,35.0,Quintal,6329.96,22173.89,28043.44,5075.92,5294.43,6813.5,INR_per_Quintal,66917.64,238472.5,171554.86,71.94,256.37,1911.93,9.82,Medium,High Profit
FARM1848,Cotton,Madhya Pradesh,Zaid,11.0,Black Soil,Sprinkler,12.21,134.31,Quintal,34652.36,83885.52,126372.68,24799.75,48445.79,7696.52,INR_per_Quintal,318156.1,1033719.6,715563.5,69.22,224.91,2368.82,41.34,Medium,High Profit
FARM1849,Chilli,Madhya Pradesh,Zaid,2.74,Loamy,Sprinkler,10.78,29.54,Quintal,9794.71,30003.11,27772.72,7835.38,11604.74,10945.12,INR_per_Quintal,87010.66,323318.84,236308.18,73.09,271.59,2945.52,7.95,Medium,High Profit
FARM1850,Tomato,Punjab,Kharif,10.75,Loamy,Borewell,130.28,1400.51,Quintal,43392.97,97709.45,138206.73,44839.1,43759.46,931.01,INR_per_Quintal,367907.71,1303888.82,935981.11,71.78,254.41,262.7,395.17,Medium,High Profit
FARM1851,Wheat,Andhra Pradesh,Zaid,7.7,Red Soil,Drip,17.16,132.13,Quintal,11450.64,52038.74,65369.27,13141.65,16251.59,2287.31,INR_per_Quintal,158251.89,302222.27,143970.38,47.64,90.98,1197.7,69.19,Medium,Moderate Profit
FARM1852,Potato,Telangana,Zaid,2.84,Black Soil,Borewell,85.04,241.51,Quintal,18094.01,23497.63,36141.82,9080.29,13435.13,1721.93,INR_per_Quintal,100248.88,415863.31,315614.43,75.89,314.83,415.09,58.22,Medium,High Profit
FARM1853,Onion,Uttar Pradesh,Kharif,10.58,Black Soil,Drip,90.96,962.36,Quintal,62445.57,98935.0,118048.54,44235.93,44491.32,1387.08,INR_per_Quintal,368156.36,1334870.31,966713.95,72.42,262.58,382.56,265.42,High,High Profit
FARM1854,Tomato,Punjab,Kharif,10.43,Red Soil,Drip,111.05,1158.25,Quintal,46212.26,74910.04,172122.6,32816.36,64951.72,930.16,INR_per_Quintal,391012.98,1077357.82,686344.84,63.71,175.53,337.59,420.37,Medium,High Profit
FARM1855,Tomato,Andhra Pradesh,Kharif,10.3,Clay,Canal,137.22,1413.37,Quintal,26330.16,101444.84,124228.92,60533.42,31103.4,1124.26,INR_per_Quintal,343640.74,1588995.36,1245354.62,78.37,362.4,243.14,305.66,High,High Profit
FARM1856,Tomato,Punjab,Zaid,6.7,Alluvial,Rainfed,101.13,677.57,Quintal,24110.04,75930.3,93732.91,30302.06,23881.59,1685.02,INR_per_Quintal,247956.9,1141719.0,893762.1,78.28,360.45,365.95,147.15,Medium,High Profit
FARM1857,Rice,Telangana,Rabi,7.86,Black Soil,Canal,22.55,177.24,Quintal,10342.83,59189.88,62521.92,15628.78,19919.59,1775.07,INR_per_Quintal,167603.0,314613.41,147010.41,46.73,87.71,945.63,94.42,Medium,Moderate Profit
FARM1858,Groundnut,Karnataka,Rabi,9.34,Loamy,Rainfed,17.8,166.25,Quintal,26868.44,50815.88,74386.61,20206.38,13701.51,6801.13,INR_per_Quintal,185978.82,1130687.86,944709.04,83.55,507.97,1118.67,27.35,Medium,High Profit
FARM1859,Rice,Punjab,Zaid,10.51,Sandy,Drip,23.16,243.41,Quintal,22970.02,81610.79,126640.44,30844.95,35642.48,2062.11,INR_per_Quintal,297708.68,501938.2,204229.52,40.69,68.6,1223.07,144.37,High,High Profit
FARM1860,Rice,Andhra Pradesh,Rabi,6.61,Red Soil,Rainfed,26.67,176.29,Quintal,8425.13,57303.56,88041.71,21829.79,13979.81,2340.9,INR_per_Quintal,189580.0,412677.26,223097.26,54.06,117.68,1075.39,80.99,Low,High Profit
FARM1861,Sugarcane,Telangana,Zaid,3.45,Alluvial,Rainfed,73.72,254.33,Quintal,16584.1,42042.06,45629.67,24455.0,9656.43,3714.22,INR_per_Quintal,138367.26,944637.57,806270.31,85.35,582.7,544.05,37.25,Medium,High Profit
FARM1862,Rice,Telangana,Rabi,1.58,Black Soil,Rainfed,26.75,42.27,Quintal,2555.81,10862.8,16134.32,3546.62,5219.5,2179.16,INR_per_Quintal,38319.05,92113.09,53794.04,58.4,140.38,906.53,17.58,Low,Moderate Profit
FARM1863,Potato,Punjab,Kharif,1.51,Alluvial,Borewell,78.59,118.67,Quintal,9231.35,10222.67,19455.38,6129.2,7041.38,1908.5,INR_per_Quintal,52079.98,226481.7,174401.72,77.0,334.87,438.86,27.29,Medium,High Profit
FARM1864,Chilli,Telangana,Rabi,11.52,Black Soil,Sprinkler,13.97,160.93,Quintal,55866.87,88658.89,175582.63,43019.75,27614.61,10370.18,INR_per_Quintal,390742.75,1668873.07,1278130.32,76.59,327.1,2428.03,37.68,High,High Profit
FARM1865,Sugarcane,Tamil Nadu,Zaid,12.0,Alluvial,Rainfed,53.15,637.8,Quintal,55627.46,159254.63,151077.43,100108.82,45812.96,2700.83,INR_per_Quintal,511881.3,1722589.37,1210708.07,70.28,236.52,802.57,189.53,High,High Profit
FARM1866,Tomato,Karnataka,Rabi,4.86,Sandy,Rainfed,117.12,569.2,Quintal,16610.42,53764.76,79692.96,23673.35,26756.68,1390.87,INR_per_Quintal,200498.17,791683.2,591185.03,74.67,294.86,352.25,144.15,High,High Profit
FARM1867,Rice,Punjab,Kharif,4.99,Loamy,Sprinkler,23.56,117.56,Quintal,6705.77,29414.85,54528.94,11934.9,15464.86,1985.48,INR_per_Quintal,118049.32,233413.03,115363.71,49.42,97.73,1004.16,59.46,Medium,Moderate Profit
FARM1868,Rice,Karnataka,Kharif,6.38,Loamy,Drip,25.21,160.84,Quintal,10515.95,56038.31,49204.03,23835.7,23845.64,2449.73,INR_per_Quintal,163439.63,394014.57,230574.94,58.52,141.08,1016.16,66.72,Medium,High Profit
FARM1869,Tomato,Madhya Pradesh,Zaid,3.57,Clay,Sprinkler,146.24,522.08,Quintal,10844.22,30595.7,75904.67,14112.31,20440.19,1353.3,INR_per_Quintal,151897.09,706530.86,554633.77,78.5,365.14,290.95,112.24,Medium,High Profit
FARM1870,Groundnut,Telangana,Zaid,2.89,Loamy,Borewell,20.27,58.58,Quintal,7866.42,13666.78,32936.02,5439.87,4416.41,6343.47,INR_per_Quintal,64325.5,371600.47,307274.97,82.69,477.69,1098.08,10.14,Medium,High Profit
FARM1871,Groundnut,Uttar Pradesh,Zaid,9.58,Clay,Borewell,12.62,120.9,Quintal,22504.5,58694.85,79414.97,17965.87,22642.06,5922.76,INR_per_Quintal,201222.25,716061.68,514839.43,71.9,255.86,1664.37,33.97,Medium,High Profit
FARM1872,Potato,Maharashtra,Rabi,1.6,Black Soil,Drip,90.73,145.17,Quintal,11788.85,14973.92,21335.56,7642.93,5116.56,1421.12,INR_per_Quintal,60857.82,206303.99,145446.17,70.5,238.99,419.22,42.82,Low,Moderate Profit
FARM1873,Chilli,Andhra Pradesh,Kharif,8.14,Black Soil,Rainfed,13.92,113.31,Quintal,38971.26,87466.6,119427.39,35881.78,34683.24,11119.46,INR_per_Quintal,316430.27,1259946.01,943515.74,74.89,298.17,2792.61,28.46,High,High Profit
FARM1874,Wheat,Andhra Pradesh,Rabi,4.25,Loamy,Sprinkler,20.95,89.04,Quintal,6461.9,32353.15,42453.01,10187.73,7957.32,1852.6,INR_per_Quintal,99413.11,164955.5,65542.39,39.73,65.93,1116.5,53.66,Medium,Moderate Profit
FARM1875,Wheat,Karnataka,Zaid,8.86,Sandy,Drip,20.52,181.81,Quintal,11793.37,66001.03,72754.13,20943.2,16634.62,1935.02,INR_per_Quintal,188126.35,351805.99,163679.64,46.53,87.01,1034.74,97.22,Medium,High Profit
FARM1876,Tomato,Uttar Pradesh,Zaid,9.91,Loamy,Canal,103.52,1025.88,Quintal,37858.3,110204.65,126188.01,45653.07,56827.27,1597.4,INR_per_Quintal,376731.3,1638740.71,1262009.41,77.01,334.99,367.23,235.84,Medium,High Profit
FARM1877,Onion,Andhra Pradesh,Kharif,10.27,Clay,Borewell,106.72,1096.01,Quintal,43562.29,63271.77,132117.85,33423.42,26316.96,1455.64,INR_per_Quintal,298692.29,1595396.0,1296703.71,81.28,434.13,272.53,205.2,High,High Profit
FARM1878,Groundnut,Maharashtra,Rabi,11.63,Sandy,Canal,18.94,220.27,Quintal,32487.95,72604.49,82356.27,27621.02,33038.24,5060.96,INR_per_Quintal,248107.97,1114777.66,866669.69,77.74,349.31,1126.38,49.02,Medium,High Profit
FARM1879,Chilli,Maharashtra,Zaid,8.08,Alluvial,Drip,16.68,134.77,Quintal,24604.86,78218.84,78563.72,19839.04,35028.83,8376.9,INR_per_Quintal,236255.29,1128954.81,892699.52,79.07,377.85,1753.03,28.2,Medium,High Profit
FARM1880,Groundnut,Madhya Pradesh,Kharif,10.4,Black Soil,Borewell,10.04,104.42,Quintal,31135.47,59310.3,109040.72,26267.64,19282.45,4723.07,INR_per_Quintal,245036.58,493182.97,248146.39,50.32,101.27,2346.64,51.88,Medium,High Profit
FARM1881,Groundnut,Karnataka,Zaid,3.64,Clay,Drip,15.61,56.82,Quintal,10610.83,16639.39,25778.29,9528.85,7222.34,5547.36,INR_per_Quintal,69779.7,315201.0,245421.3,77.86,351.71,1228.08,12.58,Medium,High Profit
FARM1882,Maize,Karnataka,Kharif,6.96,Loamy,Rainfed,31.96,222.44,Quintal,7537.62,51890.9,52814.81,22741.48,22031.09,1881.61,INR_per_Quintal,157015.9,418545.33,261529.43,62.49,166.56,705.88,83.45,Medium,High Profit
FARM1883,Tomato,Tamil Nadu,Rabi,6.88,Black Soil,Canal,111.97,770.35,Quintal,24241.53,44702.09,93727.76,37314.2,25227.08,1497.09,INR_per_Quintal,225212.66,1153283.28,928070.62,80.47,412.09,292.35,150.43,High,High Profit
FARM1884,Cotton,Tamil Nadu,Kharif,3.15,Clay,Canal,11.52,36.29,Quintal,9307.56,33429.08,41052.35,7790.96,11418.87,7905.91,INR_per_Quintal,102998.82,286905.47,183906.65,64.1,178.55,2838.21,13.03,Low,High Profit
FARM1885,Rice,Punjab,Rabi,2.76,Red Soil,Drip,20.79,57.38,Quintal,4220.82,14458.18,28405.5,8029.93,10482.81,2479.44,INR_per_Quintal,65597.24,142270.27,76673.03,53.89,116.88,1143.21,26.46,Medium,Moderate Profit
FARM1886,Cotton,Telangana,Zaid,7.95,Clay,Borewell,16.98,134.99,Quintal,24281.75,86075.35,122062.77,17681.88,20008.29,6937.27,INR_per_Quintal,270110.04,936462.08,666352.04,71.16,246.7,2000.96,38.94,Medium,High Profit
FARM1887,Maize,Punjab,Zaid,8.52,Clay,Borewell,21.96,187.1,Quintal,15287.68,65665.69,66977.44,18796.52,31922.76,1984.95,INR_per_Quintal,198650.09,371384.15,172734.06,46.51,86.95,1061.73,100.08,Medium,High Profit
FARM1888,Chilli,Andhra Pradesh,Rabi,7.42,Sandy,Canal,10.58,78.5,Quintal,32067.58,78313.75,96116.95,15305.82,28925.43,10260.72,INR_per_Quintal,250729.53,805466.52,554736.99,68.87,221.25,3194.01,24.44,Medium,High Profit
FARM1889,Tomato,Uttar Pradesh,Rabi,6.68,Loamy,Borewell,104.35,697.06,Quintal,18960.69,52364.26,82214.8,31453.1,21272.52,1394.49,INR_per_Quintal,206265.37,972043.2,765777.83,78.78,371.26,295.91,147.91,High,High Profit
FARM1890,Sugarcane,Tamil Nadu,Kharif,3.2,Alluvial,Borewell,88.19,282.21,Quintal,13802.19,35732.22,46760.7,19188.3,13964.88,3350.38,INR_per_Quintal,129448.29,945510.74,816062.45,86.31,630.42,458.69,38.64,Medium,High Profit
FARM1891,Potato,Madhya Pradesh,Kharif,11.16,Loamy,Borewell,78.46,875.61,Quintal,63914.73,72126.44,136655.77,37007.54,38199.41,1723.62,INR_per_Quintal,347903.89,1509218.91,1161315.02,76.95,333.8,397.33,201.84,Medium,High Profit
FARM1892,Wheat,Madhya Pradesh,Rabi,6.1,Black Soil,Borewell,19.03,116.08,Quintal,8906.83,48405.3,39386.08,15402.4,20260.23,2297.49,INR_per_Quintal,132360.84,266692.64,134331.8,50.37,101.49,1140.26,57.61,Medium,Moderate Profit
FARM1893,Rice,Telangana,Rabi,8.91,Red Soil,Canal,28.33,252.42,Quintal,12796.57,51071.7,83897.77,21013.6,29855.4,2271.74,INR_per_Quintal,198635.04,573432.61,374797.57,65.36,188.69,786.92,87.44,Medium,High Profit
FARM1894,Maize,Tamil Nadu,Zaid,6.74,Alluvial,Borewell,25.69,173.15,Quintal,6909.51,64467.32,37598.82,12635.83,22866.4,1657.65,INR_per_Quintal,144477.88,287022.1,142544.22,49.66,98.66,834.41,87.16,Medium,Moderate Profit
FARM1895,Groundnut,Telangana,Kharif,3.68,Black Soil,Rainfed,18.6,68.45,Quintal,8587.81,26890.14,29668.65,10783.09,10263.29,7216.9,INR_per_Quintal,86192.98,493996.8,407803.82,82.55,473.13,1259.21,11.94,Low,High Profit
FARM1896,Groundnut,Madhya Pradesh,Zaid,10.28,Clay,Drip,17.73,182.26,Quintal,34433.02,45825.98,97101.25,18465.1,32524.13,5303.58,INR_per_Quintal,228349.48,966630.49,738281.01,76.38,323.31,1252.88,43.06,High,High Profit
FARM1897,Groundnut,Telangana,Rabi,5.46,Loamy,Sprinkler,18.37,100.3,Quintal,14077.9,24290.67,36281.35,11749.45,12477.01,5863.22,INR_per_Quintal,98876.38,588080.97,489204.59,83.19,494.76,985.81,16.86,Medium,High Profit
FARM1898,Maize,Madhya Pradesh,Kharif,8.65,Black Soil,Drip,28.44,246.01,Quintal,8784.72,61509.67,83058.12,15747.19,27320.24,1575.03,INR_per_Quintal,196419.94,387473.13,191053.19,49.31,97.27,798.42,124.71,Medium,High Profit
FARM1899,Groundnut,Uttar Pradesh,Rabi,8.81,Clay,Borewell,18.33,161.49,Quintal,18076.03,49654.54,52998.98,16626.0,21921.89,5364.75,INR_per_Quintal,159277.44,866353.48,707076.04,81.62,443.93,986.3,29.69,Medium,High Profit
FARM1900,Chilli,Uttar Pradesh,Rabi,8.21,Clay,Drip,9.63,79.06,Quintal,39422.1,88202.32,95536.27,30670.63,30453.73,8908.47,INR_per_Quintal,284285.05,704303.64,420018.59,59.64,147.75,3595.81,31.91,Medium,High Profit
FARM1901,Groundnut,Uttar Pradesh,Rabi,11.48,Sandy,Canal,18.21,209.05,Quintal,26078.4,48027.27,113142.74,32302.9,33573.71,5394.86,INR_per_Quintal,253125.02,1127795.48,874670.46,77.56,345.55,1210.83,46.92,Medium,High Profit
FARM1902,Cotton,Punjab,Kharif,6.67,Clay,Drip,9.57,63.83,Quintal,22597.72,49635.44,80102.52,29952.59,23699.55,5625.56,INR_per_Quintal,205987.82,359079.49,153091.67,42.63,74.32,3227.13,36.62,Medium,High Profit
FARM1903,Groundnut,Madhya Pradesh,Kharif,6.89,Clay,Rainfed,14.27,98.32,Quintal,19637.42,44698.03,81519.04,12343.62,11321.91,5778.83,INR_per_Quintal,169520.02,568174.57,398654.55,70.16,235.17,1724.17,29.33,Medium,High Profit
FARM1904,Rice,Telangana,Zaid,1.85,Loamy,Borewell,25.48,47.14,Quintal,2516.8,13642.42,24377.38,4409.57,6126.0,2348.31,INR_per_Quintal,51072.17,110699.33,59627.16,53.86,116.75,1083.41,21.75,Medium,Moderate Profit
FARM1905,Potato,Tamil Nadu,Kharif,9.52,Black Soil,Sprinkler,91.75,873.46,Quintal,54451.95,88075.56,90518.32,27274.23,34807.4,1711.56,INR_per_Quintal,295127.46,1494979.2,1199851.74,80.26,406.55,337.88,172.43,High,High Profit
FARM1906,Chilli,Karnataka,Kharif,10.34,Clay,Sprinkler,10.37,107.23,Quintal,44145.07,104804.39,118901.52,21936.96,36055.94,11334.54,INR_per_Quintal,325843.88,1215402.72,889558.84,73.19,273.0,3038.74,28.75,High,High Profit
FARM1907,Wheat,Tamil Nadu,Rabi,9.69,Clay,Sprinkler,19.83,192.15,Quintal,17087.65,48610.37,91534.85,29362.61,27560.1,2650.15,INR_per_Quintal,214155.58,509226.32,295070.74,57.94,137.78,1114.52,80.81,Medium,High Profit
FARM1908,Groundnut,Telangana,Zaid,4.14,Clay,Sprinkler,18.05,74.73,Quintal,13351.81,20669.18,40586.59,10818.55,11854.89,6841.83,INR_per_Quintal,97281.02,511289.96,414008.94,80.97,425.58,1301.77,14.22,Medium,High Profit
FARM1909,Potato,Tamil Nadu,Zaid,2.08,Sandy,Drip,100.15,208.31,Quintal,14987.38,18439.47,22441.57,10604.38,9866.8,1306.76,INR_per_Quintal,76339.6,272211.18,195871.58,71.96,256.58,366.47,58.42,Medium,High Profit
FARM1910,Potato,Maharashtra,Kharif,4.83,Clay,Borewell,96.75,467.3,Quintal,34081.61,41693.94,44125.9,20796.37,12735.36,1950.56,INR_per_Quintal,153433.18,911496.69,758063.51,83.17,494.07,328.34,78.66,Medium,High Profit
FARM1911,Onion,Karnataka,Rabi,11.08,Clay,Rainfed,76.77,850.61,Quintal,66875.1,63691.6,131963.09,58408.49,42919.8,1967.79,INR_per_Quintal,363858.08,1673821.85,1309963.77,78.26,360.02,427.76,184.91,Medium,High Profit
FARM1912,Maize,Maharashtra,Zaid,1.62,Clay,Sprinkler,20.34,32.95,Quintal,1675.2,8606.91,14611.11,4374.0,2638.31,2450.1,INR_per_Quintal,31905.53,80730.79,48825.26,60.48,153.03,968.3,13.02,Medium,Low Profit
FARM1913,Wheat,Karnataka,Kharif,9.24,Sandy,Borewell,23.3,215.29,Quintal,15976.93,42830.54,75198.79,17891.73,22412.98,2318.03,INR_per_Quintal,174310.97,499048.68,324737.71,65.07,186.3,809.66,75.2,Medium,High Profit
FARM1914,Cotton,Telangana,Kharif,10.76,Sandy,Sprinkler,16.4,176.46,Quintal,32246.16,106882.02,127630.02,31727.31,36143.18,6672.83,INR_per_Quintal,334628.69,1177487.58,842858.89,71.58,251.88,1896.34,50.15,Medium,High Profit
FARM1915,Cotton,Telangana,Zaid,5.4,Red Soil,Sprinkler,12.36,66.74,Quintal,11849.33,37175.96,72983.99,16267.8,15385.88,7509.53,INR_per_Quintal,153662.96,501186.03,347523.07,69.34,226.16,2302.41,20.46,Medium,High Profit
FARM1916,Sugarcane,Uttar Pradesh,Rabi,7.68,Red Soil,Drip,56.78,436.07,Quintal,31575.9,77553.14,69504.62,51881.8,23334.29,3146.74,INR_per_Quintal,253849.75,1372198.91,1118349.16,81.5,440.56,582.13,80.67,Medium,High Profit
FARM1917,Onion,Maharashtra,Zaid,7.84,Loamy,Drip,67.67,530.53,Quintal,29977.08,67452.98,115183.29,40967.52,30549.84,2546.26,INR_per_Quintal,284130.71,1350867.32,1066736.61,78.97,375.44,535.56,111.59,Medium,High Profit
FARM1918,Wheat,Maharashtra,Kharif,10.14,Alluvial,Drip,20.6,208.88,Quintal,10348.66,65726.26,71042.84,26396.25,22266.73,1994.34,INR_per_Quintal,195780.74,416577.74,220797.0,53.0,112.78,937.29,98.17,Medium,High Profit
FARM1919,Chilli,Uttar Pradesh,Rabi,1.03,Alluvial,Borewell,16.36,16.85,Quintal,4277.12,6996.38,14391.9,2530.34,2056.55,7512.97,INR_per_Quintal,30252.29,126593.54,96341.25,76.1,318.46,1795.39,4.03,High,Moderate Profit
FARM1920,Chilli,Maharashtra,Rabi,5.82,Sandy,Canal,10.99,63.96,Quintal,19737.25,39557.17,97554.37,23487.93,16941.39,9948.33,INR_per_Quintal,197278.11,636295.19,439017.08,69.0,222.54,3084.4,19.83,Medium,High Profit
FARM1921,Sugarcane,Uttar Pradesh,Rabi,1.64,Red Soil,Canal,62.98,103.29,Quintal,6427.31,17178.16,24179.02,11180.58,9081.32,2826.58,INR_per_Quintal,68046.39,291957.45,223911.06,76.69,329.06,658.79,24.07,Medium,High Profit
FARM1922,Sugarcane,Uttar Pradesh,Zaid,2.07,Alluvial,Drip,53.34,110.41,Quintal,12147.73,23241.96,29041.46,12259.41,9679.52,3673.84,INR_per_Quintal,86370.08,405628.67,319258.59,78.71,369.64,782.27,23.51,Medium,High Profit
FARM1923,Chilli,Madhya Pradesh,Kharif,7.82,Black Soil,Canal,14.38,112.45,Quintal,32336.0,77114.67,94677.01,24940.24,17138.38,8927.96,INR_per_Quintal,246206.3,1003949.1,757742.8,75.48,307.77,2189.47,27.58,Medium,High Profit
FARM1924,Onion,Telangana,Zaid,8.71,Black Soil,Drip,71.19,620.06,Quintal,55672.15,50136.19,96539.32,29344.92,36320.05,1564.63,INR_per_Quintal,268012.63,970164.48,702151.85,72.37,261.98,432.24,171.29,High,High Profit
FARM1925,Maize,Punjab,Zaid,9.96,Loamy,Drip,26.6,264.94,Quintal,10187.2,59023.75,99258.67,19293.21,20093.37,2051.41,INR_per_Quintal,207856.2,543500.57,335644.37,61.76,161.48,784.54,101.32,Medium,High Profit
FARM1926,Sugarcane,Telangana,Zaid,3.51,Alluvial,Rainfed,61.54,216.01,Quintal,13324.72,38616.23,41516.85,21667.27,20555.57,2979.03,INR_per_Quintal,135680.64,643500.27,507819.63,78.92,374.28,628.12,45.55,Medium,High Profit
FARM1927,Rice,Telangana,Kharif,3.02,Alluvial,Borewell,26.34,79.55,Quintal,3909.95,16041.65,37061.98,7310.69,12512.83,1863.47,INR_per_Quintal,76837.1,148239.04,71401.94,48.17,92.93,965.9,41.23,Medium,Moderate Profit
FARM1928,Onion,Andhra Pradesh,Rabi,10.18,Red Soil,Drip,87.47,890.44,Quintal,43554.39,71909.92,105489.61,39408.21,46193.74,1209.97,INR_per_Quintal,306555.87,1077405.69,770849.82,71.55,251.45,344.27,253.36,Medium,High Profit
FARM1929,Onion,Punjab,Rabi,6.43,Red Soil,Sprinkler,86.27,554.72,Quintal,33701.39,51818.02,71594.26,28553.94,23165.51,1615.83,INR_per_Quintal,208833.12,896333.22,687500.1,76.7,329.21,376.47,129.24,Medium,High Profit
FARM1930,Groundnut,Karnataka,Zaid,4.9,Loamy,Borewell,14.55,71.3,Quintal,13413.51,30719.34,48594.43,14689.5,8270.03,6271.46,INR_per_Quintal,115686.81,447155.1,331468.29,74.13,286.52,1622.54,18.45,Low,High Profit
FARM1931,Tomato,Uttar Pradesh,Kharif,4.44,Black Soil,Sprinkler,159.34,707.47,Quintal,21320.15,52302.53,56592.77,28956.84,13258.78,991.17,INR_per_Quintal,172431.07,701223.04,528791.97,75.41,306.67,243.73,173.97,Medium,High Profit
FARM1932,Sugarcane,Uttar Pradesh,Zaid,3.72,Sandy,Borewell,53.96,200.73,Quintal,21365.82,37515.66,38398.31,22793.64,14546.91,3116.32,INR_per_Quintal,134620.34,625538.91,490918.57,78.48,364.67,670.65,43.2,Medium,High Profit
FARM1933,Wheat,Maharashtra,Rabi,9.6,Loamy,Sprinkler,19.93,191.33,Quintal,14360.84,75051.85,73430.17,33156.44,19028.17,2439.6,INR_per_Quintal,215027.47,466768.67,251741.2,53.93,117.07,1123.86,88.14,Medium,High Profit
FARM1934,Rice,Tamil Nadu,Kharif,11.97,Clay,Sprinkler,31.62,378.49,Quintal,25941.42,87037.66,167554.14,41752.87,33630.15,2547.57,INR_per_Quintal,355916.24,964229.77,608313.53,63.09,170.91,940.36,139.71,Medium,High Profit
FARM1935,Maize,Maharashtra,Kharif,3.82,Alluvial,Drip,27.83,106.31,Quintal,6333.35,30373.1,39585.08,14232.95,13055.53,1788.45,INR_per_Quintal,103580.01,190130.12,86550.11,45.52,83.56,974.32,57.92,Medium,Moderate Profit
FARM1936,Wheat,Andhra Pradesh,Rabi,2.67,Clay,Sprinkler,23.37,62.4,Quintal,3043.84,14785.65,17649.86,5780.26,7937.4,2038.12,INR_per_Quintal,49197.01,127178.69,77981.68,61.32,158.51,788.41,24.14,Medium,Moderate Profit
FARM1937,Onion,Karnataka,Kharif,9.56,Clay,Rainfed,119.02,1137.83,Quintal,59503.34,59986.8,72003.04,40963.59,23928.12,2169.3,INR_per_Quintal,256384.89,2468294.62,2211909.73,89.61,862.73,225.33,118.19,High,High Profit
FARM1938,Cotton,Punjab,Rabi,6.35,Red Soil,Sprinkler,9.48,60.2,Quintal,12679.91,41164.33,53936.57,12442.53,14123.69,6454.71,INR_per_Quintal,134347.03,388573.54,254226.51,65.43,189.23,2231.68,20.81,Medium,High Profit
FARM1939,Maize,Karnataka,Zaid,7.76,Loamy,Canal,33.06,256.55,Quintal,13474.92,65908.85,64703.88,16052.83,11918.12,2440.34,INR_per_Quintal,172058.6,626069.23,454010.63,72.52,263.87,670.66,70.51,Medium,High Profit
FARM1940,Cotton,Punjab,Rabi,11.67,Alluvial,Sprinkler,10.37,121.02,Quintal,33593.19,71615.46,141097.13,22146.62,42349.04,6514.3,INR_per_Quintal,310801.44,788360.59,477559.15,60.58,153.65,2568.18,47.71,Medium,High Profit
FARM1941,Onion,Telangana,Kharif,9.17,Red Soil,Borewell,107.58,986.51,Quintal,44497.47,57732.43,65973.34,44076.01,28810.53,2271.06,INR_per_Quintal,241089.78,2240423.4,1999333.62,89.24,829.29,244.39,106.16,Medium,High Profit
FARM1942,Potato,Andhra Pradesh,Rabi,10.56,Sandy,Borewell,73.75,778.8,Quintal,69325.39,95721.33,91821.17,34726.54,34695.85,1931.42,INR_per_Quintal,326290.28,1504189.9,1177899.62,78.31,361.0,418.97,168.94,Medium,High Profit
FARM1943,Groundnut,Madhya Pradesh,Kharif,7.67,Clay,Drip,11.16,85.6,Quintal,16872.34,50466.52,58586.35,15110.32,14210.78,5358.31,INR_per_Quintal,155246.31,458671.34,303425.03,66.15,195.45,1813.63,28.97,Low,High Profit
FARM1944,Groundnut,Maharashtra,Zaid,5.24,Red Soil,Borewell,19.47,102.02,Quintal,18102.5,30006.64,37036.22,18017.38,16085.66,5417.31,INR_per_Quintal,119248.4,552673.97,433425.57,78.42,363.46,1168.87,22.01,Medium,High Profit
FARM1945,Wheat,Madhya Pradesh,Rabi,4.64,Sandy,Drip,19.41,90.06,Quintal,5029.61,27348.63,42570.69,10710.1,9415.12,2127.79,INR_per_Quintal,95074.15,191628.77,96554.62,50.39,101.56,1055.68,44.68,Medium,Moderate Profit
FARM1946,Rice,Tamil Nadu,Rabi,5.55,Red Soil,Borewell,23.37,129.7,Quintal,7406.8,45876.96,61530.24,15874.39,9674.71,1995.73,INR_per_Quintal,140363.1,258846.18,118483.08,45.77,84.41,1082.21,70.33,Medium,Moderate Profit
FARM1947,Wheat,Maharashtra,Kharif,3.3,Sandy,Sprinkler,24.85,82.0,Quintal,5018.26,23268.12,17349.57,5785.49,7528.82,1894.56,INR_per_Quintal,58950.26,155353.92,96403.66,62.05,163.53,718.91,31.12,Medium,Moderate Profit
FARM1948,Tomato,Andhra Pradesh,Kharif,9.32,Alluvial,Rainfed,107.99,1006.47,Quintal,26752.23,77966.22,190787.92,40898.39,28154.6,987.52,INR_per_Quintal,364559.36,993909.25,629349.89,63.32,172.63,362.22,369.17,Medium,High Profit
FARM1949,Chilli,Uttar Pradesh,Kharif,9.56,Black Soil,Rainfed,16.23,155.16,Quintal,34233.73,69899.23,122703.26,19667.63,35455.95,9265.11,INR_per_Quintal,281959.8,1437574.47,1155614.67,80.39,409.85,1817.22,30.43,Medium,High Profit
FARM1950,Groundnut,Telangana,Kharif,3.55,Alluvial,Drip,16.64,59.07,Quintal,8030.04,24370.03,29149.15,7943.78,9743.74,5162.5,INR_per_Quintal,79236.74,304948.88,225712.14,74.02,284.86,1341.4,15.35,Medium,High Profit
FARM1951,Maize,Andhra Pradesh,Rabi,2.13,Sandy,Canal,27.81,59.24,Quintal,3283.2,13003.44,13994.1,3880.54,6638.82,2256.08,INR_per_Quintal,40800.1,133650.18,92850.08,69.47,227.57,688.73,18.08,Medium,Moderate Profit
FARM1952,Rice,Punjab,Zaid,3.23,Loamy,Rainfed,25.24,81.53,Quintal,4725.52,27797.07,25067.59,12761.42,6176.18,2629.82,INR_per_Quintal,76527.78,214409.22,137881.44,64.31,180.17,938.65,29.1,Medium,Moderate Profit
FARM1953,Tomato,Maharashtra,Zaid,11.83,Loamy,Canal,99.17,1173.18,Quintal,52863.66,78269.2,255685.22,79370.57,37520.34,1055.72,INR_per_Quintal,503708.99,1238549.59,734840.6,59.33,145.89,429.35,477.12,Medium,High Profit
FARM1954,Rice,Karnataka,Kharif,1.75,Black Soil,Borewell,23.27,40.72,Quintal,2838.82,9595.26,16987.01,6503.54,4467.53,2468.77,INR_per_Quintal,40392.16,100528.31,60136.15,59.82,148.88,991.95,16.36,Medium,Moderate Profit
FARM1955,Onion,Karnataka,Zaid,5.52,Red Soil,Canal,120.81,666.87,Quintal,23886.3,47035.42,66872.9,23894.81,26098.47,1543.47,INR_per_Quintal,187787.9,1029293.84,841505.94,81.76,448.12,281.6,121.67,High,High Profit
FARM1956,Rice,Uttar Pradesh,Rabi,8.23,Black Soil,Borewell,20.37,167.65,Quintal,16657.19,52735.45,93434.82,26001.97,13939.49,2081.86,INR_per_Quintal,202768.92,349023.83,146254.91,41.9,72.13,1209.48,97.4,Medium,Moderate Profit
FARM1957,Groundnut,Andhra Pradesh,Kharif,11.66,Sandy,Rainfed,13.95,162.66,Quintal,30634.82,71710.61,118641.72,37811.31,16715.02,5775.88,INR_per_Quintal,275513.48,939504.64,663991.16,70.67,241.0,1693.8,47.7,High,High Profit
FARM1958,Rice,Tamil Nadu,Kharif,8.79,Alluvial,Borewell,25.74,226.25,Quintal,10960.13,66043.3,105633.33,21738.25,33893.41,2715.71,INR_per_Quintal,238268.42,614429.39,376160.97,61.22,157.87,1053.12,87.74,Medium,High Profit
FARM1959,Onion,Telangana,Kharif,9.27,Red Soil,Canal,72.9,675.78,Quintal,56220.04,52565.93,74580.4,47153.4,29101.15,1139.93,INR_per_Quintal,259620.92,770341.9,510720.98,66.3,196.72,384.18,227.75,High,High Profit
FARM1960,Potato,Madhya Pradesh,Zaid,2.08,Alluvial,Canal,111.85,232.65,Quintal,13173.72,14225.44,30433.64,8716.96,7651.51,1330.34,INR_per_Quintal,74201.27,309503.6,235302.33,76.03,317.11,318.94,55.78,Medium,High Profit
FARM1961,Wheat,Maharashtra,Rabi,9.6,Red Soil,Sprinkler,19.89,190.94,Quintal,15061.7,72633.08,92420.37,18398.88,16616.1,2720.87,INR_per_Quintal,215130.13,519522.92,304392.79,58.59,141.49,1126.69,79.07,Medium,High Profit
FARM1962,Sugarcane,Madhya Pradesh,Kharif,4.64,Loamy,Canal,57.25,265.64,Quintal,16563.82,57192.44,53841.62,27110.04,20943.49,2726.35,INR_per_Quintal,175651.41,724227.61,548576.2,75.75,312.31,661.24,64.43,Medium,High Profit
FARM1963,Groundnut,Andhra Pradesh,Zaid,2.22,Sandy,Canal,11.47,25.46,Quintal,5305.4,10891.78,14135.39,7195.3,4001.12,4893.87,INR_per_Quintal,41528.99,124597.93,83068.94,66.67,200.03,1631.15,8.49,Medium,Moderate Profit
FARM1964,Rice,Telangana,Zaid,6.11,Loamy,Rainfed,19.06,116.46,Quintal,9689.46,46402.89,49284.6,19619.66,13024.41,2542.99,INR_per_Quintal,138021.02,296156.62,158135.6,53.4,114.57,1185.14,54.28,Medium,High Profit
FARM1965,Tomato,Karnataka,Rabi,3.61,Black Soil,Sprinkler,138.21,498.94,Quintal,13170.68,36185.08,36898.12,23899.46,16804.91,1859.89,INR_per_Quintal,126958.25,927973.52,801015.27,86.32,630.93,254.46,68.26,High,High Profit
FARM1966,Potato,Uttar Pradesh,Kharif,10.17,Alluvial,Rainfed,100.64,1023.51,Quintal,76649.24,88664.78,119869.23,47845.1,37886.27,1739.15,INR_per_Quintal,370914.62,1780037.42,1409122.8,79.16,379.9,362.39,213.27,Medium,High Profit
FARM1967,Maize,Karnataka,Zaid,5.86,Loamy,Sprinkler,22.65,132.73,Quintal,11078.79,31752.94,39405.63,20537.76,19728.92,2108.36,INR_per_Quintal,122504.04,279842.62,157338.58,56.22,128.44,922.96,58.1,Medium,High Profit
FARM1968,Sugarcane,Uttar Pradesh,Kharif,6.02,Black Soil,Canal,64.6,388.89,Quintal,30428.0,74747.01,72350.04,40227.35,23616.14,3228.86,INR_per_Quintal,241368.54,1255671.37,1014302.83,80.78,420.23,620.66,74.75,Medium,High Profit
FARM1969,Potato,Punjab,Zaid,5.06,Clay,Canal,97.27,492.19,Quintal,33394.14,56055.8,64621.63,12836.95,21377.13,1391.76,INR_per_Quintal,188285.65,685010.35,496724.7,72.51,263.81,382.55,135.29,Medium,High Profit
FARM1970,Tomato,Tamil Nadu,Rabi,5.84,Loamy,Rainfed,102.74,600.0,Quintal,15305.83,48765.43,70501.81,31674.62,21073.92,1160.73,INR_per_Quintal,187321.61,696438.0,509116.39,73.1,271.79,312.2,161.38,Medium,High Profit
FARM1971,Rice,Maharashtra,Rabi,7.53,Alluvial,Borewell,17.64,132.83,Quintal,16284.6,41919.39,89773.71,25029.54,25335.12,2100.17,INR_per_Quintal,198342.36,278965.58,80623.22,28.9,40.65,1493.2,94.44,Medium,Moderate Profit
FARM1972,Maize,Madhya Pradesh,Kharif,9.87,Clay,Rainfed,36.38,359.07,Quintal,10810.19,79450.38,69611.9,30094.36,21782.57,1996.39,INR_per_Quintal,211749.4,716843.76,505094.36,70.46,238.53,589.72,106.07,Medium,High Profit
FARM1973,Chilli,Maharashtra,Kharif,5.7,Loamy,Rainfed,16.4,93.48,Quintal,25752.59,44800.28,77259.12,18085.06,12002.28,11431.22,INR_per_Quintal,177899.33,1068590.45,890691.12,83.35,500.67,1903.07,15.56,High,High Profit
FARM1974,Tomato,Madhya Pradesh,Rabi,9.21,Clay,Drip,137.92,1270.24,Quintal,34353.12,82186.34,121813.34,40955.38,31366.3,1585.74,INR_per_Quintal,310674.48,2014270.38,1703595.9,84.58,548.35,244.58,195.92,High,High Profit
FARM1975,Maize,Madhya Pradesh,Rabi,10.48,Sandy,Rainfed,29.12,305.18,Quintal,12127.87,58294.0,90850.92,35843.0,16745.93,1929.04,INR_per_Quintal,213861.72,588704.43,374842.71,63.67,175.27,700.77,110.86,Low,High Profit
FARM1976,Sugarcane,Maharashtra,Rabi,10.84,Black Soil,Rainfed,72.26,783.3,Quintal,59095.0,107831.39,157792.37,64779.88,45254.43,2809.02,INR_per_Quintal,434753.07,2200305.37,1765552.3,80.24,406.1,555.03,154.77,Medium,High Profit
FARM1977,Rice,Karnataka,Rabi,11.9,Black Soil,Canal,31.29,372.35,Quintal,24901.77,101775.64,123202.1,25889.1,42359.04,2116.38,INR_per_Quintal,318127.65,788034.09,469906.44,59.63,147.71,854.38,150.32,Medium,High Profit
FARM1978,Cotton,Tamil Nadu,Rabi,8.59,Black Soil,Borewell,12.63,108.49,Quintal,22025.36,73431.84,93804.72,31107.72,16229.85,7675.18,INR_per_Quintal,236599.49,832680.28,596080.79,71.59,251.94,2180.84,30.83,Medium,High Profit
FARM1979,Groundnut,Punjab,Kharif,11.48,Alluvial,Drip,17.55,201.47,Quintal,40099.38,72735.49,104279.48,26356.8,22181.43,5670.33,INR_per_Quintal,265652.58,1142401.39,876748.81,76.75,330.04,1318.57,46.85,Medium,High Profit
FARM1980,Groundnut,Uttar Pradesh,Zaid,7.41,Red Soil,Canal,17.02,126.12,Quintal,22063.0,52398.93,78653.02,16192.45,18764.63,6354.65,INR_per_Quintal,188072.03,801448.46,613376.43,76.53,326.14,1491.21,29.6,Medium,High Profit
FARM1981,Potato,Karnataka,Kharif,11.43,Alluvial,Sprinkler,96.75,1105.85,Quintal,98327.88,116207.42,169072.14,53742.19,27587.44,2250.88,INR_per_Quintal,464937.07,2489135.65,2024198.58,81.32,435.37,420.43,206.56,Medium,High Profit
FARM1982,Wheat,Tamil Nadu,Rabi,11.23,Loamy,Sprinkler,26.61,298.83,Quintal,15022.57,77915.04,68880.19,34830.65,34856.08,2855.45,INR_per_Quintal,231504.53,853294.12,621789.59,72.87,268.59,774.7,81.07,Medium,High Profit
FARM1983,Maize,Madhya Pradesh,Rabi,2.87,Sandy,Sprinkler,34.16,98.04,Quintal,5478.36,22094.02,18955.11,9689.03,8160.87,2621.62,INR_per_Quintal,64377.39,257023.62,192646.23,74.95,299.25,656.64,24.56,Medium,High Profit
FARM1984,Rice,Tamil Nadu,Zaid,11.98,Sandy,Rainfed,21.1,252.78,Quintal,18722.8,78173.48,104365.43,28807.82,31587.33,1825.53,INR_per_Quintal,261656.86,461457.47,199800.61,43.3,76.36,1035.12,143.33,Low,High Profit
FARM1985,Maize,Karnataka,Rabi,8.82,Red Soil,Sprinkler,31.6,278.71,Quintal,16513.8,82952.13,94887.94,26410.53,28818.45,1761.6,INR_per_Quintal,249582.85,490975.54,241392.69,49.17,96.72,895.49,141.68,Medium,High Profit
FARM1986,Chilli,Maharashtra,Rabi,9.76,Red Soil,Canal,11.62,113.41,Quintal,41516.61,70911.33,150341.25,27565.83,34258.24,9515.09,INR_per_Quintal,324593.26,1079106.36,754513.1,69.92,232.45,2862.12,34.11,High,High Profit
FARM1987,Rice,Maharashtra,Zaid,5.3,Black Soil,Drip,26.18,138.75,Quintal,9998.36,45834.32,48406.92,19396.03,13334.31,2225.46,INR_per_Quintal,136969.94,308782.58,171812.64,55.64,125.44,987.17,61.55,Medium,High Profit
FARM1988,Onion,Madhya Pradesh,Rabi,9.96,Black Soil,Sprinkler,124.88,1243.8,Quintal,43928.48,91440.4,145485.36,53892.08,28597.22,1606.4,INR_per_Quintal,363343.54,1998040.32,1634696.78,81.82,449.9,292.12,226.18,High,High Profit
FARM1989,Cotton,Punjab,Rabi,2.35,Sandy,Sprinkler,8.82,20.73,Quintal,5754.91,19234.02,30049.57,10322.05,9029.8,6380.9,INR_per_Quintal,74390.35,132276.06,57885.71,43.76,77.81,3588.54,11.66,Medium,Moderate Profit
FARM1990,Potato,Karnataka,Zaid,8.59,Clay,Canal,100.97,867.33,Quintal,55155.13,69973.21,99944.95,36503.74,18865.66,1507.21,INR_per_Quintal,280442.69,1307248.45,1026805.76,78.55,366.14,323.34,186.07,Medium,High Profit
FARM1991,Potato,Uttar Pradesh,Kharif,1.93,Red Soil,Sprinkler,99.82,192.65,Quintal,14082.87,20587.68,23632.15,5034.68,5457.99,1386.7,INR_per_Quintal,68795.37,267147.76,198352.39,74.25,288.32,357.1,49.61,Medium,High Profit
FARM1992,Chilli,Maharashtra,Zaid,6.82,Sandy,Drip,10.62,72.43,Quintal,22517.54,67136.73,75020.33,19356.59,28057.0,12999.06,INR_per_Quintal,212088.19,941521.92,729433.73,77.47,343.93,2928.18,16.32,Medium,High Profit
FARM1993,Sugarcane,Maharashtra,Kharif,5.44,Sandy,Sprinkler,57.21,311.22,Quintal,28335.93,52437.96,69680.28,34858.39,21217.35,3240.04,INR_per_Quintal,206529.91,1008365.25,801835.34,79.52,388.24,663.61,63.74,Medium,High Profit
FARM1994,Chilli,Uttar Pradesh,Kharif,4.65,Red Soil,Canal,17.02,79.14,Quintal,22756.58,48358.06,65698.66,17436.16,15821.33,9191.58,INR_per_Quintal,170070.79,727421.64,557350.85,76.62,327.72,2148.99,18.5,Medium,High Profit
FARM1995,Cotton,Karnataka,Rabi,2.95,Red Soil,Canal,14.89,43.93,Quintal,7144.83,32256.13,38900.35,11707.16,7664.49,7482.45,INR_per_Quintal,97672.96,328704.03,231031.07,70.29,236.54,2223.38,13.05,Medium,High Profit
FARM1996,Potato,Telangana,Zaid,9.18,Black Soil,Rainfed,117.13,1075.25,Quintal,77027.76,87287.61,71755.05,34741.6,30220.52,1748.92,INR_per_Quintal,301032.54,1880526.23,1579493.69,83.99,524.69,279.97,172.12,Medium,High Profit
FARM1997,Potato,Karnataka,Zaid,10.21,Red Soil,Drip,84.86,866.42,Quintal,71056.62,89264.41,138230.32,41998.46,22781.08,1642.12,INR_per_Quintal,363330.89,1422765.61,1059434.72,74.46,291.59,419.35,221.26,Medium,High Profit
FARM1998,Cotton,Telangana,Rabi,11.13,Clay,Drip,11.26,125.32,Quintal,21142.02,110856.79,153195.85,46919.2,51801.46,7936.79,INR_per_Quintal,383915.32,994638.52,610723.2,61.4,159.08,3063.48,48.37,Medium,High Profit
FARM1999,Wheat,Telangana,Zaid,7.58,Black Soil,Rainfed,22.93,173.81,Quintal,12929.98,37130.04,66610.92,26009.11,10670.74,2741.28,INR_per_Quintal,153350.79,476461.88,323111.09,67.81,210.7,882.29,55.94,Medium,High Profit
FARM2000,Groundnut,Andhra Pradesh,Zaid,1.95,Sandy,Sprinkler,12.65,24.67,Quintal,5946.25,7892.62,16701.89,4164.5,5330.26,6954.51,INR_per_Quintal,40035.52,171567.76,131532.24,76.66,328.54,1622.84,5.76,Medium,Moderate Profit
